SPCG PCL | Income Statement                                25-Sep-2024 16:32,,,,,,,,,,,,,,,,,,,,,,,,,,,,,,,,,,,,,,,,,,,,,,,,,,,,,,,,,,,,,,,,,,,,,,,,,,,,,,,,,,
,,,,,,,,,,,,,,,,,,,,,,,,,,,,,,,,,,,,,,,,,,,,,,,,,,,,,,,,,,,,,,,,,,,,,,,,,,,,,,,,,,
Income Statement,,,,,,,,,,,,,,,,,,,,,,,,,,,,,,,,,,,,,,,,,,,,,,,,,,,,,,,,,,,,,,,,,,,,,,,,,,,,,,,,,,
Quarterly Standardised in Thousands of Thai Baht,,,,,,,,,,,,,,,,,,,,,,,,,,,,,,,,,,,,,,,,,,,,,,,,,,,,,,,,,,,,,,,,,,,,,,,,,,,,,,,,,,
,2004,,,,2005,,,,2006,,,,2007,,,,2008,,,,2009,,,,2010,,,,2011,,,,2012,,,,2013,,,,2014,,,,2015,,,,2016,,,,2017,,,,2018,,,,2019,,,,2020,,,,2021,,,,2022,,,,2023,,,,2024,
, Mar-2004, Jun-2004, Sep-2004, Dec-2004, Mar-2005, Jun-2005, Sep-2005, Dec-2005, Mar-2006, Jun-2006, Sep-2006, Dec-2006, Mar-2007, Jun-2007, Sep-2007, Dec-2007, Mar-2008, Jun-2008, Sep-2008, Dec-2008, Mar-2009, Jun-2009, Sep-2009, Dec-2009, Mar-2010, Jun-2010, Sep-2010, Dec-2010, Mar-2011, Jun-2011, Sep-2011, Dec-2011, Mar-2012, Jun-2012, Sep-2012, Dec-2012, Mar-2013, Jun-2013, Sep-2013, Dec-2013, Mar-2014, Jun-2014, Sep-2014, Dec-2014, Mar-2015, Jun-2015, Sep-2015, Dec-2015, Mar-2016, Jun-2016, Sep-2016, Dec-2016, Mar-2017, Jun-2017, Sep-2017, Dec-2017, Mar-2018, Jun-2018, Sep-2018, Dec-2018, Mar-2019, Jun-2019, Sep-2019, Dec-2019, Mar-2020, Jun-2020, Sep-2020, Dec-2020, Mar-2021, Jun-2021, Sep-2021, Dec-2021, Mar-2022, Jun-2022, Sep-2022, Dec-2022, Mar-2023, Jun-2023, Sep-2023, Dec-2023, Mar-2024, Jun-2024
Earnings Quality Score,N/A ,N/A ,N/A ,N/A ,N/A ,N/A ,N/A ,N/A ,N/A ,N/A ,N/A ,N/A ,N/A ,N/A ,N/A ,N/A ,N/A ,N/A ,N/A ,N/A ,N/A ,N/A ,N/A ,N/A ,N/A ,N/A ,N/A ,N/A ,N/A ,N/A ,N/A ,N/A ,N/A ,N/A ,N/A ,N/A ,N/A ,N/A ,N/A ,N/A ,N/A ,4 ,15 ,38 ,76 ,82 ,84 ,90 ,89 ,87 ,87 ,90 ,88 ,79 ,73 ,80 ,80 ,80 ,85 ,70 ,81 ,89 ,89 ,90 ,94 ,82 ,82 ,75 ,45 ,43 ,37 ,33 ,51 ,67 ,69 ,80 ,79 ,85 ,85 ,79 ,72 ,63 
Period End Date,31-Mar-2004 ,30-Jun-2004 ,30-Sep-2004 ,31-Dec-2004 ,31-Mar-2005 ,30-Jun-2005 ,30-Sep-2005 ,31-Dec-2005 ,31-Mar-2006 ,30-Jun-2006 ,30-Sep-2006 ,31-Dec-2006 ,31-Mar-2007 ,30-Jun-2007 ,30-Sep-2007 ,31-Dec-2007 ,31-Mar-2008 ,30-Jun-2008 ,30-Sep-2008 ,31-Dec-2008 ,31-Mar-2009 ,30-Jun-2009 ,30-Sep-2009 ,31-Dec-2009 ,31-Mar-2010 ,30-Jun-2010 ,30-Sep-2010 ,31-Dec-2010 ,31-Mar-2011 ,30-Jun-2011 ,30-Sep-2011 ,31-Dec-2011 ,31-Mar-2012 ,30-Jun-2012 ,30-Sep-2012 ,31-Dec-2012 ,31-Mar-2013 ,30-Jun-2013 ,30-Sep-2013 ,31-Dec-2013 ,31-Mar-2014 ,30-Jun-2014 ,30-Sep-2014 ,31-Dec-2014 ,31-Mar-2015 ,30-Jun-2015 ,30-Sep-2015 ,31-Dec-2015 ,31-Mar-2016 ,30-Jun-2016 ,30-Sep-2016 ,31-Dec-2016 ,31-Mar-2017 ,30-Jun-2017 ,30-Sep-2017 ,31-Dec-2017 ,31-Mar-2018 ,30-Jun-2018 ,30-Sep-2018 ,31-Dec-2018 ,31-Mar-2019 ,30-Jun-2019 ,30-Sep-2019 ,31-Dec-2019 ,31-Mar-2020 ,30-Jun-2020 ,30-Sep-2020 ,31-Dec-2020 ,31-Mar-2021 ,30-Jun-2021 ,30-Sep-2021 ,31-Dec-2021 ,31-Mar-2022 ,30-Jun-2022 ,30-Sep-2022 ,31-Dec-2022 ,31-Mar-2023 ,30-Jun-2023 ,30-Sep-2023 ,31-Dec-2023 ,31-Mar-2024 ,30-Jun-2024 
Revenue,"39,357 ","47,451 ","58,844 ","78,296 ","77,863 ","74,750 ","107,108 ","65,596 ","87,019 ","87,740 ","91,619 ","94,523 ","77,837 ","62,000 ","79,282 ","75,966 ","85,800 ","93,171 ","80,446 ","100,704 ","62,893 ","66,287 ","97,986 ","65,960 ","89,789 ","72,331 ","74,690 ","74,625 ","39,434 ","166,578 ","165,954 ","206,598 ","207,286 ","262,090 ","311,063 ","433,918 ","522,652 ","548,013 ","625,933 ","776,266 ","819,120 ","1,005,275 ","1,166,656 ","1,366,078 ","1,356,613 ","1,242,199 ","1,114,539 ","1,286,706 ","1,221,954 ","1,206,314 ","1,227,240 ","1,792,588 ","1,267,680 ","1,249,105 ","1,211,961 ","2,279,607 ","1,516,623 ","1,540,259 ","1,218,215 ","1,653,073 ","1,341,572 ","1,265,245 ","1,187,761 ","1,451,960 ","1,454,732 ","1,174,434 ","1,184,491 ","1,106,497 ","1,172,702 ","1,187,863 ","1,032,113 ","1,100,237 ","1,054,876 ","964,259 ","1,003,632 ","1,335,482 ","1,181,927 ","1,204,776 ","789,444 ","949,448 ","735,536 ","493,829 "
Net Sales,"39,357 ","47,451 ","58,844 ","78,296 ","77,863 ","74,750 ","107,108 ","65,596 ","87,019 ","87,740 ","91,619 ","94,523 ","77,837 ","62,000 ","79,282 ","75,966 ","85,800 ","93,171 ","80,446 ","100,704 ","62,893 ","66,287 ","97,986 ","65,960 ","89,789 ","72,331 ","74,690 ","74,625 ","39,434 ","166,578 ","165,954 ","206,598 ","207,286 ","262,090 ","311,063 ","433,918 ","522,652 ","548,013 ","625,933 ","776,266 ","819,120 ","1,005,275 ","1,166,656 ","1,366,078 ","1,356,613 ","1,242,199 ","1,114,539 ","1,286,706 ","1,221,954 ","1,206,314 ","1,227,240 ","1,792,588 ","1,267,680 ","1,249,105 ","1,211,961 ","2,279,607 ","1,516,623 ","1,540,259 ","1,218,215 ","1,653,073 ","1,341,572 ","1,265,245 ","1,187,761 ","1,451,960 ","1,454,732 ","1,174,434 ","1,184,491 ","1,106,497 ","1,172,702 ","1,187,863 ","1,032,113 ","1,100,237 ","1,054,876 ","964,259 ","1,003,632 ","1,335,482 ","1,181,927 ","1,204,776 ","789,444 ","949,448 ","735,536 ","493,829 "
Total Revenue,"39,357 ","47,451 ","58,844 ","78,296 ","77,863 ","74,750 ","107,108 ","65,596 ","87,019 ","87,740 ","91,619 ","94,523 ","77,837 ","62,000 ","79,282 ","75,966 ","85,800 ","93,171 ","80,446 ","100,704 ","62,893 ","66,287 ","97,986 ","65,960 ","89,789 ","72,331 ","74,690 ","74,625 ","39,434 ","166,578 ","165,954 ","206,598 ","207,286 ","262,090 ","311,063 ","433,918 ","522,652 ","548,013 ","625,933 ","776,266 ","819,120 ","1,005,275 ","1,166,656 ","1,366,078 ","1,356,613 ","1,242,199 ","1,114,539 ","1,286,706 ","1,221,954 ","1,206,314 ","1,227,240 ","1,792,588 ","1,267,680 ","1,249,105 ","1,211,961 ","2,279,607 ","1,516,623 ","1,540,259 ","1,218,215 ","1,653,073 ","1,341,572 ","1,265,245 ","1,187,761 ","1,451,960 ","1,454,732 ","1,174,434 ","1,184,491 ","1,106,497 ","1,172,702 ","1,187,863 ","1,032,113 ","1,100,237 ","1,054,876 ","964,259 ","1,003,632 ","1,335,482 ","1,181,927 ","1,204,776 ","789,444 ","949,448 ","735,536 ","493,829 "
"Cost of Revenue, Total","31,250 ","35,655 ","42,941 ","63,074 ","59,796 ","64,371 ","89,078 ","56,288 ","72,053 ","68,168 ","72,622 ","81,125 ","66,904 ","52,340 ","68,925 ","64,560 ","70,081 ","73,714 ","61,962 ","87,001 ","58,085 ","56,634 ","80,036 ","54,020 ","74,532 ","59,683 ","61,235 ","59,795 ","9,205 ","100,068 ","98,918 ","65,414 ","87,560 ","109,681 ","140,801 ","229,579 ","182,902 ","177,855 ","206,524 ","238,958 ","222,371 ","250,353 ","327,043 ","367,552 ","437,475 ","292,826 ","295,631 ","333,452 ","286,814 ","335,424 ","425,330 ","872,150 ","324,118 ","385,229 ","394,227 ","1,199,902 ","567,711 ","582,681 ","439,925 ","632,241 ","416,062 ","373,863 ","387,626 ","443,015 ","449,265 ","306,210 ","301,359 ","294,761 ","242,644 ","378,245 ","308,121 ","305,617 ","264,562 ","261,620 ","358,831 ","468,318 ","380,410 ","483,334 ","359,581 ","418,573 ","281,059 ","251,593 "
Cost of Revenue,"31,250 ","35,655 ","42,941 ","63,074 ","59,796 ","64,371 ","89,078 ","56,288 ","72,053 ","68,168 ","72,622 ","81,125 ","66,904 ","52,340 ","68,925 ","64,560 ","70,081 ","73,714 ","61,962 ","87,001 ","58,085 ","56,634 ","80,036 ","54,020 ","74,532 ","59,683 ","61,235 ","59,795 ","9,205 ","100,068 ","98,918 ","65,414 ","87,560 ","109,681 ","140,801 ","229,579 ","182,902 ","177,855 ","206,524 ","238,958 ","222,371 ","250,353 ","327,043 ","367,552 ","437,475 ","292,826 ","295,631 ","333,452 ","286,814 ","335,424 ","425,330 ","872,150 ","324,118 ","385,229 ","394,227 ","1,199,902 ","567,711 ","582,681 ","439,925 ","632,241 ","416,062 ","373,863 ","387,626 ","443,015 ","449,265 ","306,210 ","301,359 ","294,761 ","242,644 ","378,245 ","308,121 ","305,617 ","264,562 ","261,620 ","358,831 ","468,318 ","380,410 ","483,334 ","359,581 ","418,573 ","281,059 ","251,593 "
Gross Profit,"8,107 ","11,796 ","15,903 ","15,222 ","18,067 ","10,379 ","18,030 ","9,308 ","14,966 ","19,572 ","18,997 ","13,398 ","10,933 ","9,660 ","10,357 ","11,406 ","15,719 ","19,457 ","18,484 ","13,703 ","4,808 ","9,653 ","17,950 ","11,940 ","15,257 ","12,648 ","13,455 ","14,831 ","30,229 ","66,510 ","67,036 ","141,184 ","119,726 ","152,409 ","170,262 ","204,339 ","339,750 ","370,158 ","419,409 ","537,308 ","596,749 ","754,922 ","839,613 ","998,526 ","919,138 ","949,373 ","818,908 ","953,254 ","935,140 ","870,890 ","801,910 ","920,438 ","943,562 ","863,876 ","817,734 ","1,079,705 ","948,912 ","957,578 ","778,290 ","1,020,832 ","925,510 ","891,382 ","800,135 ","1,008,945 ","1,005,467 ","868,224 ","883,132 ","811,736 ","930,058 ","809,618 ","723,992 ","794,620 ","790,314 ","702,639 ","644,801 ","867,164 ","801,517 ","721,442 ","429,863 ","530,875 ","454,477 ","242,236 "
,,,,,,,,,,,,,,,,,,,,,,,,,,,,,,,,,,,,,,,,,,,,,,,,,,,,,,,,,,,,,,,,,,,,,,,,,,,,,,,,,,
"Selling/General/Admin. Expenses, Total","5,421 ","5,460 ","6,353 ","6,717 ","10,029 ","7,729 ","7,329 ","7,730 ","8,133 ","9,716 ","9,483 ","9,003 ","9,583 ","8,652 ","8,413 ","7,815 ","10,702 ","10,665 ","11,092 ","10,018 ","8,562 ","9,979 ","9,315 ","12,132 ","11,473 ","11,278 ","11,802 ","12,470 ","16,012 ","26,592 ","32,844 ","67,458 ","45,936 ","68,117 ","71,088 ","82,149 ","79,760 ","136,974 ","143,245 ","41,822 ","90,474 ","95,492 ","105,176 ","92,376 ","69,241 ","69,768 ","68,064 ","199,087 ","59,486 ","66,221 ","55,248 ","70,880 ","63,113 ","61,463 ","60,619 ","128,533 ","73,210 ","94,678 ","75,048 ","92,785 ","61,157 ","66,358 ","68,127 ","100,958 ","80,014 ","81,838 ","56,764 ","65,230 ","85,420 ","64,234 ","57,757 ","57,827 ","48,176 ","54,493 ","61,269 ","65,795 ","63,141 ","80,164 ","62,158 ","86,273 ","54,817 ","75,740 "
Selling/General/Administrative Expense,"5,421 ","5,460 ","6,353 ","6,717 ","10,029 ","7,729 ","7,244 ","7,730 ","7,436 ","9,716 ","9,443 ","8,232 ","10,916 ","7,319 ","8,413 ","7,815 ","8,065 ","7,637 ","8,788 ","6,291 ","5,895 ","6,721 ","7,458 ","9,056 ","9,002 ","8,760 ","9,290 ","9,244 ","16,012 ","21,326 ","26,681 ","67,458 ","45,936 ","68,117 ","71,088 ","82,149 ","79,760 ","138,054 ","143,623 ","41,822 ","90,474 ","95,492 ","105,176 ","92,376 ","69,241 ","69,768 ","68,064 ","199,087 ","59,486 ","66,221 ","55,248 ","70,880 ","63,113 ","61,463 ","60,619 ","128,533 ","73,210 ","94,678 ","75,048 ","92,785 ","61,157 ","66,358 ","68,127 ","100,958 ","80,014 ","81,838 ","56,764 ","65,230 ","85,420 ","64,234 ","57,757 ","57,827 ","48,176 ","54,493 ","61,269 ","65,795 ","63,141 ","80,164 ","62,158 ","86,273 ","54,817 ","75,740 "
Labor & Related Expense,--,--,--,--,--,--,85 ,--,697 ,--,40 ,771 ,"(1,333)",--,--,--,"2,637 ","3,028 ","2,304 ","3,727 ","2,667 ","3,258 ","1,857 ","3,076 ","2,471 ","2,518 ","2,512 ","3,226 ",--,"5,266 ","6,163 ",--,--,--,--,--,--,--,(378),--,--,--,--,--,--,--,--,--,--,--,--,--,--,--,--,--,--,--,--,--,--,--,--,--,--,--,--,--,--,--,--,--,--,--,--,--,--,--,--,--,--,--
"Interest Expense, Net - Operating",191 ,141 ,145 ,192 ,291 ,484 ,446 ,378 ,127 ,152 ,135 ,146 ,201 ,250 ,129 ,116 ,323 ,396 ,481 ,507 ,393 ,572 ,405 ,357 ,461 ,406 ,320 ,290 ,"10,123 ","18,312 ","31,700 ","42,603 ","41,157 ","47,117 ","60,244 ","81,342 ","109,847 ","124,160 ","171,900 ","199,471 ","215,586 ","267,193 ","249,337 ","246,813 ","233,755 ","227,611 ","222,685 ","213,728 ",--,--,--,--,--,--,--,--,--,--,--,--,--,--,--,--,--,--,--,--,--,--,--,--,--,--,--,--,--,--,--,--,--,--
Interest Expense - Operating,191 ,141 ,145 ,192 ,291 ,484 ,446 ,378 ,127 ,152 ,135 ,146 ,201 ,250 ,129 ,116 ,323 ,396 ,481 ,507 ,393 ,572 ,405 ,357 ,461 ,406 ,320 ,290 ,"10,123 ","18,312 ","31,700 ","42,603 ","41,157 ","47,117 ","60,244 ","81,342 ","109,847 ","124,160 ","171,900 ","199,471 ","215,586 ","267,193 ","249,337 ","246,813 ","233,755 ","227,611 ","222,685 ","213,728 ",--,--,--,--,--,--,--,--,--,--,--,--,--,--,--,--,--,--,--,--,--,--,--,--,--,--,--,--,--,--,--,--,--,--
Interest/Investment Income - Operating,--,--,--,--,--,--,--,--,--,--,--,--,--,--,--,--,--,--,--,--,--,--,--,--,--,--,--,--,--,--,--,0 ,0 ,0 ,101 ,"1,658 ","(1,702)","(80,071)","(26,663)","(10,731)","(16,318)","(4,365)","(8,925)","(8,520)","(7,131)","(22,609)","(8,239)","(12,345)","(5,690)","(25,925)","(11,660)","(40,736)","(32,366)","(26,572)","(19,305)","(28,666)","(11,341)","(15,947)","(12,403)","(8,853)","(7,060)","(16,085)","(8,248)","(17,212)","13,053 ","(43,287)","(23,983)","38,280 ","(2,576)","(5,348)","(5,262)","76,083 ","51,670 ","35,132 ","(19,892)",242 ,(482),"(3,915)",(753),"(1,601)","(3,963)","(1,510)"
Interest Income - Operating,--,--,--,--,--,--,--,--,--,--,--,--,--,--,--,--,--,--,--,--,--,--,--,--,--,--,--,--,--,--,--,--,--,--,--,--,--,--,"(1,075)",--,(755),"(3,810)","(2,688)","(8,330)","(6,351)","(9,521)","(7,501)","(1,658)","(3,179)","(3,411)","(3,214)","(3,385)","(5,267)","(11,490)","(11,812)","(10,889)","(9,171)","(9,545)","(9,545)","(9,278)","(5,223)","(2,355)","(1,383)",(342),(38),(406),0 ,--,--,--,--,--,--,--,--,--,--,--,--,--,--,--
Investment Income - Operating,--,--,--,--,--,--,--,--,--,--,--,--,--,--,--,--,--,--,--,--,--,--,--,--,--,--,--,--,--,--,--,0 ,0 ,0 ,101 ,"1,658 ","(1,702)","(76,745)","(25,588)","(10,731)","(15,563)",(555),"(6,237)",(190),(780),"(13,088)",(738),"(10,687)","(2,511)","(22,514)","(8,446)","(37,351)","(27,099)","(15,082)","(7,493)","(17,777)","(2,170)","(6,402)","(2,858)",425 ,"(1,837)","(13,730)","(6,865)","(16,870)","13,091 ","(42,881)","(23,983)","38,280 ","(2,576)","(5,348)","(5,262)","76,083 ","51,670 ","35,132 ","(19,892)",242 ,(482),"(3,915)",(753),"(1,601)","(3,963)","(1,510)"
"Interest Exp.(Inc.),Net-Operating, Total",191 ,141 ,145 ,192 ,291 ,484 ,446 ,378 ,127 ,152 ,135 ,146 ,201 ,250 ,129 ,116 ,323 ,396 ,481 ,507 ,393 ,572 ,405 ,357 ,461 ,406 ,320 ,290 ,"10,123 ","18,312 ","31,700 ","42,603 ","41,157 ","47,117 ","60,345 ","83,000 ","108,145 ","44,089 ","145,237 ","188,740 ","199,268 ","262,828 ","240,412 ","238,293 ","226,624 ","205,002 ","214,446 ","201,383 ","(5,690)","(25,925)","(11,660)","(40,736)","(32,366)","(26,572)","(19,305)","(28,666)","(11,341)","(15,947)","(12,403)","(8,853)","(7,060)","(16,085)","(8,248)","(17,212)","13,053 ","(43,287)","(23,983)","38,280 ","(2,576)","(5,348)","(5,262)","76,083 ","51,670 ","35,132 ","(19,892)",242 ,(482),"(3,915)",(753),"(1,601)","(3,963)","(1,510)"
Unusual Expense (Income),--,--,--,--,--,--,--,--,--,--,--,--,--,--,--,--,--,--,--,--,--,--,--,--,--,--,--,--,--,--,--,--,--,--,--,--,--,--,--,--,(429),(153),--,(584),(995),(384),--,(755),--,"(1,060)",(3),--,--,--,--,--,--,--,--,--,--,--,--,--,--,--,--,--,--,--,--,--,--,--,--,--,--,--,--,--,--,--
Loss(Gain) on Sale of Assets - Operating,--,--,--,--,--,--,--,--,--,--,--,--,--,--,--,--,--,--,--,--,--,--,--,--,--,--,--,--,--,--,--,--,--,--,--,--,--,--,--,--,(429),(153),--,(584),(995),(384),--,(755),--,"(1,060)",(3),--,--,--,--,--,--,--,--,--,--,--,--,--,--,--,--,--,--,--,--,--,--,--,--,--,--,--,--,--,--,--
"Other Operating Expenses, Total",(511),(601),(730),(694),(415),(676),(626),(574),(616),(927),(751),(830),(997),"(1,283)",(757),(598),(982),(565),"(1,022)",(684),(855),(554),(556),(684),"(1,060)",(442),(808),"(2,509)",(495),"(2,462)","(2,150)","(2,615)","(6,610)","(15,219)","(18,791)","(20,473)","(34,531)","32,229 ","(1,434)","73,921 ","(1,732)",(940),"(5,573)","(5,370)",(760),"(6,451)",(765),"3,922 ","(2,463)","(1,525)","(2,407)","(4,126)","(1,395)","(1,462)","(1,101)","(3,038)","(44,115)","(6,193)","(14,994)","(4,478)","(13,641)","(2,204)","(4,404)","(9,876)","(6,917)","(7,858)","(1,811)","(30,159)","(6,148)","(21,554)","(10,260)","(37,520)","(50,807)","(46,969)","(6,178)","(13,844)","(5,809)","(38,366)","(7,471)","(34,799)","(9,946)","(29,458)"
"Other, Net",(511),(601),(730),(694),(415),(676),(626),(574),(616),(927),(751),(830),(997),"(1,283)",(757),(598),(982),(565),"(1,022)",(684),(855),(554),(556),(684),"(1,060)",(442),(808),"(2,509)",(495),"(2,462)","(2,150)","(2,615)","(6,610)","(15,219)","(18,791)","(20,473)","(34,531)","32,229 ","(1,434)","73,921 ","(1,732)",(940),"(5,573)","(5,370)",(760),"(6,451)",(765),"3,922 ","(2,463)","(1,525)","(2,407)","(4,126)","(1,395)","(1,462)","(1,101)","(3,038)","(44,115)","(6,193)","(14,994)","(4,478)","(13,641)","(2,204)","(4,404)","(9,876)","(6,917)","(7,858)","(1,811)","(30,159)","(6,148)","(21,554)","(10,260)","(37,520)","(50,807)","(46,969)","(6,178)","(13,844)","(5,809)","(38,366)","(7,471)","(34,799)","(9,946)","(29,458)"
Total Operating Expense,"36,351 ","40,655 ","48,709 ","69,289 ","69,701 ","71,908 ","96,227 ","63,822 ","79,697 ","77,109 ","81,489 ","89,444 ","75,691 ","59,959 ","76,710 ","71,893 ","80,124 ","84,210 ","72,513 ","96,842 ","66,185 ","66,631 ","89,200 ","65,825 ","85,406 ","70,925 ","72,549 ","70,046 ","34,845 ","142,510 ","161,312 ","172,860 ","168,043 ","209,696 ","253,443 ","374,255 ","336,276 ","391,147 ","493,572 ","543,441 ","509,952 ","607,580 ","667,058 ","692,267 ","731,585 ","560,761 ","577,376 ","737,089 ","338,147 ","373,135 ","466,508 ","898,168 ","353,470 ","418,658 ","434,440 ","1,296,731 ","585,465 ","655,219 ","487,576 ","711,695 ","456,518 ","421,932 ","443,101 ","516,885 ","535,415 ","336,903 ","332,329 ","368,112 ","319,340 ","415,577 ","350,356 ","402,007 ","313,601 ","304,276 ","394,030 ","520,511 ","437,260 ","521,217 ","413,515 ","468,446 ","321,967 ","296,365 "
Operating Income,"3,006 ","6,796 ","10,135 ","9,007 ","8,162 ","2,842 ","10,881 ","1,774 ","7,322 ","10,631 ","10,130 ","5,079 ","2,146 ","2,041 ","2,572 ","4,073 ","5,676 ","8,961 ","7,933 ","3,862 ","(3,292)",(344),"8,786 ",135 ,"4,383 ","1,406 ","2,141 ","4,579 ","4,589 ","24,068 ","4,642 ","33,738 ","39,243 ","52,394 ","57,620 ","59,663 ","186,376 ","156,866 ","132,361 ","232,825 ","309,168 ","397,695 ","499,598 ","673,811 ","625,028 ","681,438 ","537,163 ","549,617 ","883,807 ","833,179 ","760,732 ","894,420 ","914,210 ","830,447 ","777,521 ","982,876 ","931,158 ","885,040 ","730,639 ","941,378 ","885,054 ","843,313 ","744,660 ","935,075 ","919,317 ","837,531 ","852,162 ","738,385 ","853,362 ","772,286 ","681,757 ","698,230 ","741,275 ","659,983 ","609,602 ","814,971 ","744,667 ","683,559 ","375,929 ","481,002 ","413,569 ","197,464 "
"Interest Expense, Net Non-Operating",--,--,--,--,--,--,--,--,--,--,--,--,--,--,--,--,--,--,--,--,--,--,--,--,--,--,--,--,--,--,--,--,--,--,--,--,--,--,--,--,--,--,--,--,--,--,--,--,"(194,171)","(186,289)","(188,572)","(176,185)","(157,438)","(157,881)","(153,153)","(149,698)","(129,664)","(130,770)","(124,312)","(118,555)","(95,783)","(95,327)","(86,499)","(82,592)","(69,123)","(67,514)","(66,813)","(3,703)","(34,621)","(38,818)","(40,261)","(12,367)","(27,247)","(27,123)","(25,857)","(23,710)","(13,349)","(13,549)","(13,593)","(12,658)","(7,065)","(7,050)"
Interest Expense - Non-Operating,--,--,--,--,--,--,--,--,--,--,--,--,--,--,--,--,--,--,--,--,--,--,--,--,--,--,--,--,--,--,--,--,--,--,--,--,--,--,--,--,--,--,--,--,--,--,--,--,"(194,171)","(186,289)","(188,572)","(176,185)","(157,438)","(157,881)","(153,153)","(149,698)","(129,664)","(130,770)","(124,312)","(118,555)","(95,783)","(95,327)","(86,499)","(82,592)","(69,123)","(67,514)","(66,813)","(3,703)","(34,621)","(38,818)","(40,261)","(12,367)","(27,247)","(27,123)","(25,857)","(23,710)","(13,349)","(13,549)","(13,593)","(12,658)","(7,065)","(7,050)"
Interest/Invest Income - Non-Operating,--,--,--,--,--,--,--,--,--,--,--,--,--,--,--,--,--,--,--,--,--,--,--,--,--,--,--,--,--,"(24,770)","4,311 ",--,--,--,--,--,--,--,--,--,--,--,--,--,--,--,--,--,--,--,--,--,--,--,--,--,(64),--,--,0 ,0 ,--,--,(24),176 ,"(1,044)","7,180 ","(1,175)",--,--,--,0 ,--,--,--,--,--,--,--,--,--,--
Investment Income - Non-Operating,--,--,--,--,--,--,--,--,--,--,--,--,--,--,--,--,--,--,--,--,--,--,--,--,--,--,--,--,--,"(24,770)","4,311 ",--,--,--,--,--,--,--,--,--,--,--,--,--,--,--,--,--,--,--,--,--,--,--,--,--,(64),--,--,0 ,0 ,--,--,(24),176 ,"(1,044)","7,180 ","(1,175)",--,--,--,0 ,--,--,--,--,--,--,--,--,--,--
"Interest Inc.(Exp.),Net-Non-Op., Total",--,--,--,--,--,--,--,--,--,--,--,--,--,--,--,--,--,--,--,--,--,--,--,--,--,--,--,--,--,"(24,770)","4,311 ",--,--,--,--,--,--,--,--,--,--,--,--,--,--,--,--,--,"(194,171)","(186,289)","(188,572)","(176,185)","(157,438)","(157,881)","(153,153)","(149,698)","(129,728)","(130,770)","(124,312)","(118,555)","(95,783)","(95,327)","(86,499)","(82,616)","(68,947)","(68,558)","(59,633)","(4,878)","(34,621)","(38,818)","(40,261)","(12,367)","(27,247)","(27,123)","(25,857)","(23,710)","(13,349)","(13,549)","(13,593)","(12,658)","(7,065)","(7,050)"
Net Income Before Taxes,"3,006 ","6,796 ","10,135 ","9,007 ","8,162 ","2,842 ","10,881 ","1,774 ","7,322 ","10,631 ","10,130 ","5,079 ","2,146 ","2,041 ","2,572 ","4,073 ","5,676 ","8,961 ","7,933 ","3,862 ","(3,292)",(344),"8,786 ",135 ,"4,383 ","1,406 ","2,141 ","4,579 ","4,589 ",(702),"8,953 ","33,738 ","39,243 ","52,394 ","57,620 ","59,663 ","186,376 ","156,866 ","132,361 ","232,825 ","309,168 ","397,695 ","499,598 ","673,811 ","625,028 ","681,438 ","537,163 ","549,617 ","689,636 ","646,890 ","572,160 ","718,235 ","756,772 ","672,566 ","624,368 ","833,178 ","801,430 ","754,270 ","606,327 ","822,823 ","789,271 ","747,986 ","658,161 ","852,459 ","850,370 ","768,973 ","792,529 ","733,507 ","818,741 ","733,468 ","641,496 ","685,863 ","714,028 ","632,860 ","583,745 ","791,261 ","731,318 ","670,010 ","362,336 ","468,344 ","406,504 ","190,414 "
Provision for Income Taxes,"1,443 ","2,106 ","2,500 ","2,814 ","2,792 ",758 ,"3,317 ",(95),"1,506 ","2,345 ","2,342 ",992 ,686 ,466 ,659 ,"1,000 ","1,382 ","1,962 ","1,782 ","1,140 ",0 ,0 ,"1,384 ",197 ,960 ,551 ,871 ,"1,154 ","5,292 ","14,133 ","3,112 ","10,059 ","7,558 ","18,520 ","2,171 ",(98),"49,363 ","6,653 ","4,576 ","3,880 ","(10,216)","(25,300)","36,735 ","(10,880)","(5,437)","(68,535)","(5,545)","7,742 ",(753),"(2,293)","1,696 ","10,804 ",14 ,"14,102 ","14,084 ","36,579 ","21,198 ","17,426 ","10,625 ","12,019 ","6,322 ","10,841 ","9,566 ","9,890 ","12,603 ","22,487 ","25,301 ","22,615 ","36,440 ","32,129 ","42,900 ","31,568 ","47,895 ","44,852 ","78,765 ","86,040 ","85,102 ","76,485 ","40,856 ","55,639 ","48,070 ","26,382 "
Net Income After Taxes,"1,563 ","4,690 ","7,635 ","6,193 ","5,370 ","2,084 ","7,564 ","1,869 ","5,816 ","8,286 ","7,788 ","4,087 ","1,460 ","1,575 ","1,913 ","3,073 ","4,294 ","6,999 ","6,151 ","2,722 ","(3,292)",(344),"7,402 ",(62),"3,423 ",855 ,"1,270 ","3,425 ",(703),"(14,835)","5,841 ","23,679 ","31,685 ","33,874 ","55,449 ","59,761 ","137,013 ","150,213 ","127,785 ","228,945 ","319,384 ","422,995 ","462,863 ","684,691 ","630,465 ","749,973 ","542,708 ","541,875 ","690,389 ","649,183 ","570,464 ","707,431 ","756,758 ","658,464 ","610,284 ","796,599 ","780,232 ","736,844 ","595,702 ","810,804 ","782,949 ","737,145 ","648,595 ","842,569 ","837,767 ","746,486 ","767,228 ","710,892 ","782,301 ","701,339 ","598,596 ","654,295 ","666,133 ","588,008 ","504,980 ","705,221 ","646,216 ","593,525 ","321,480 ","412,705 ","358,434 ","164,032 "
Minority Interest,464 ,47 ,"(1,453)",0 ,--,--,--,0 ,--,--,--,--,--,--,--,--,--,--,--,--,--,--,--,--,--,--,--,--,"(2,511)",(660),"(2,588)","(20,010)","(20,334)","(30,042)","(34,140)","(42,186)","(41,787)","(41,581)","(30,893)","(30,374)","(49,330)","(38,939)","(65,486)","(80,568)","(72,741)","(78,140)","(69,920)","(54,055)","(80,111)","(78,177)","(67,063)","(77,907)","(81,422)","(77,094)","(65,594)","(73,670)","(79,391)","(77,015)","(64,402)","(89,164)","(88,583)","(83,808)","(73,391)","(96,052)","(88,782)","(83,188)","(82,385)","(76,402)","(82,240)","(64,261)","(57,758)","(53,070)","(53,565)","(34,049)","(21,738)","(34,508)","(49,705)","(40,122)","(22,825)","(23,304)","(29,070)","(20,337)"
Net Income Before Extra. Items,"2,027 ","4,737 ","6,182 ","6,193 ","5,370 ","2,084 ","7,564 ","1,869 ","5,816 ","8,286 ","7,788 ","4,087 ","1,460 ","1,575 ","1,913 ","3,073 ","4,294 ","6,999 ","6,151 ","2,722 ","(3,292)",(344),"7,402 ",(62),"3,423 ",855 ,"1,270 ","3,425 ","(3,214)","(15,495)","3,253 ","3,669 ","11,351 ","3,832 ","21,309 ","17,575 ","95,226 ","108,632 ","96,892 ","198,571 ","270,054 ","384,056 ","397,377 ","604,123 ","557,724 ","671,833 ","472,788 ","487,820 ","610,278 ","571,006 ","503,401 ","629,524 ","675,336 ","581,370 ","544,690 ","722,929 ","700,841 ","659,829 ","531,300 ","721,640 ","694,366 ","653,337 ","575,204 ","746,517 ","748,985 ","663,298 ","684,843 ","634,490 ","700,061 ","637,078 ","540,838 ","601,225 ","612,568 ","553,959 ","483,242 ","670,713 ","596,511 ","553,403 ","298,655 ","389,401 ","329,364 ","143,695 "
,,,,,,,,,,,,,,,,,,,,,,,,,,,,,,,,,,,,,,,,,,,,,,,,,,,,,,,,,,,,,,,,,,,,,,,,,,,,,,,,,,
Net Income,"2,027 ","4,737 ","6,182 ","6,193 ","5,370 ","2,084 ","7,564 ","1,869 ","5,816 ","8,286 ","7,788 ","4,087 ","1,460 ","1,575 ","1,913 ","3,073 ","4,294 ","6,999 ","6,151 ","2,722 ","(3,292)",(344),"7,402 ",(62),"3,423 ",855 ,"1,270 ","3,425 ","(3,214)","(15,495)","3,253 ","3,669 ","11,351 ","3,832 ","21,309 ","17,575 ","95,226 ","108,632 ","96,892 ","198,571 ","270,054 ","384,056 ","397,377 ","604,123 ","557,724 ","671,833 ","472,788 ","487,820 ","610,278 ","571,006 ","503,401 ","629,524 ","675,336 ","581,370 ","544,690 ","722,929 ","700,841 ","659,829 ","531,300 ","721,640 ","694,366 ","653,337 ","575,204 ","746,517 ","748,985 ","663,298 ","684,843 ","634,490 ","700,061 ","637,078 ","540,838 ","601,225 ","612,568 ","553,959 ","483,242 ","670,713 ","596,511 ","553,403 ","298,655 ","389,401 ","329,364 ","143,695 "
,,,,,,,,,,,,,,,,,,,,,,,,,,,,,,,,,,,,,,,,,,,,,,,,,,,,,,,,,,,,,,,,,,,,,,,,,,,,,,,,,,
Income Available to Com Excl ExtraOrd,"2,027 ","4,737 ","6,182 ","6,193 ","5,370 ","2,084 ","7,564 ","1,869 ","5,816 ","8,286 ","7,788 ","4,087 ","1,460 ","1,575 ","1,913 ","3,073 ","4,294 ","6,999 ","6,151 ","2,722 ","(3,292)",(344),"7,402 ",(62),"3,423 ",855 ,"1,270 ","3,425 ","(3,214)","(15,495)","3,253 ","3,669 ","11,351 ","3,832 ","21,309 ","17,575 ","95,226 ","108,632 ","96,892 ","198,571 ","270,054 ","384,056 ","397,377 ","604,123 ","557,724 ","671,833 ","472,788 ","487,820 ","610,278 ","571,006 ","503,401 ","629,524 ","675,336 ","581,370 ","544,690 ","722,929 ","700,841 ","659,829 ","531,300 ","721,640 ","694,366 ","653,337 ","575,204 ","746,517 ","748,985 ","663,298 ","684,843 ","634,490 ","700,061 ","637,078 ","540,838 ","601,225 ","612,568 ","553,959 ","483,242 ","670,713 ","596,511 ","553,403 ","298,655 ","389,401 ","329,364 ","143,695 "
Income Available to Com Incl ExtraOrd,"2,027 ","4,737 ","6,182 ","6,193 ","5,370 ","2,084 ","7,564 ","1,869 ","5,816 ","8,286 ","7,788 ","4,087 ","1,460 ","1,575 ","1,913 ","3,073 ","4,294 ","6,999 ","6,151 ","2,722 ","(3,292)",(344),"7,402 ",(62),"3,423 ",855 ,"1,270 ","3,425 ","(3,214)","(15,495)","3,253 ","3,669 ","11,351 ","3,832 ","21,309 ","17,575 ","95,226 ","108,632 ","96,892 ","198,571 ","270,054 ","384,056 ","397,377 ","604,123 ","557,724 ","671,833 ","472,788 ","487,820 ","610,278 ","571,006 ","503,401 ","629,524 ","675,336 ","581,370 ","544,690 ","722,929 ","700,841 ","659,829 ","531,300 ","721,640 ","694,366 ","653,337 ","575,204 ","746,517 ","748,985 ","663,298 ","684,843 ","634,490 ","700,061 ","637,078 ","540,838 ","601,225 ","612,568 ","553,959 ","483,242 ","670,713 ","596,511 ","553,403 ","298,655 ","389,401 ","329,364 ","143,695 "
Basic Weighted Average Shares,"50,000 ","50,549 ","50,000 ","50,000 ","50,000 ","50,000 ","50,000 ","50,000 ","50,000 ","50,000 ","50,000 ","50,000 ","50,000 ","50,549 ","50,000 ","50,000 ","50,000 ","50,000 ","50,000 ","50,000 ","50,000 ","50,000 ","50,000 ","50,000 ","50,000 ","50,000 ","50,000 ","50,000 ","436,667 ","500,000 ","500,000 ","515,661 ","524,396 ","560,000 ","560,000 ","560,067 ","560,000 ","662,157 ","631,413 ","867,126 ","839,991 ","839,991 ","905,729 ","924,497 ","923,990 ","923,990 ","923,990 ","923,990 ","923,990 ","923,990 ","923,990 ","923,990 ","923,990 ","934,144 ","923,990 ","923,990 ","948,990 ","973,990 ","973,990 ","974,060 ","973,990 ","973,990 ","973,990 ","973,990 ","972,708 ","975,438 ","978,347 ","969,738 ","1,055,790 ","1,055,790 ","1,055,790 ","1,055,917 ","1,055,790 ","1,055,790 ","1,055,790 ","1,055,790 ","1,055,790 ","1,055,790 ","1,055,790 ","1,055,790 ","1,055,790 ","1,055,790 "
Basic EPS Excluding Extraordinary Items,0.04 ,0.09 ,0.12 ,0.12 ,0.11 ,0.04 ,0.15 ,0.04 ,0.12 ,0.17 ,0.16 ,0.08 ,0.03 ,0.03 ,0.04 ,0.06 ,0.09 ,0.14 ,0.12 ,0.05 ,(0.07),(0.01),0.15 ,0.00 ,0.07 ,0.02 ,0.03 ,0.07 ,(0.01),(0.03),0.01 ,0.01 ,0.02 ,0.01 ,0.04 ,0.03 ,0.17 ,0.17 ,0.15 ,0.23 ,0.32 ,0.46 ,0.44 ,0.65 ,0.60 ,0.73 ,0.51 ,0.53 ,0.66 ,0.62 ,0.54 ,0.68 ,0.73 ,0.63 ,0.59 ,0.78 ,0.74 ,0.68 ,0.55 ,0.74 ,0.71 ,0.67 ,0.59 ,0.77 ,0.77 ,0.68 ,0.70 ,0.65 ,0.66 ,0.60 ,0.51 ,0.57 ,0.58 ,0.52 ,0.46 ,0.64 ,0.56 ,0.52 ,0.28 ,0.37 ,0.31 ,0.14 
Basic EPS Including Extraordinary Items,0.04 ,0.09 ,0.12 ,0.12 ,0.11 ,0.04 ,0.15 ,0.04 ,0.12 ,0.17 ,0.16 ,0.08 ,0.03 ,0.03 ,0.04 ,0.06 ,0.09 ,0.14 ,0.12 ,0.05 ,(0.07),(0.01),0.15 ,0.00 ,0.07 ,0.02 ,0.03 ,0.07 ,(0.01),(0.03),0.01 ,0.01 ,0.02 ,0.01 ,0.04 ,0.03 ,0.17 ,0.17 ,0.15 ,0.23 ,0.32 ,0.46 ,0.44 ,0.65 ,0.60 ,0.73 ,0.51 ,0.53 ,0.66 ,0.62 ,0.54 ,0.68 ,0.73 ,0.63 ,0.59 ,0.78 ,0.74 ,0.68 ,0.55 ,0.74 ,0.71 ,0.67 ,0.59 ,0.77 ,0.77 ,0.68 ,0.70 ,0.65 ,0.66 ,0.60 ,0.51 ,0.57 ,0.58 ,0.52 ,0.46 ,0.64 ,0.56 ,0.52 ,0.28 ,0.37 ,0.31 ,0.14 
Dilution Adjustment,--,--,--,--,--,--,--,--,--,--,--,--,--,--,--,--,--,--,--,--,0 ,0 ,--,0 ,--,--,--,--,0 ,0 ,0 ,0 ,--,--,0 ,--,0 ,--,--,--,--,--,--,--,--,--,--,--,--,--,--,--,--,--,--,--,--,--,--,--,--,--,--,--,--,--,--,--,--,--,--,--,--,--,--,--,--,--,--,--,--,--
Diluted Net Income,"2,027 ","4,737 ","6,182 ","6,193 ","5,370 ","2,084 ","7,564 ","1,869 ","5,816 ","8,286 ","7,788 ","4,087 ","1,460 ","1,575 ","1,913 ","3,073 ","4,294 ","6,999 ","6,151 ","2,722 ","(3,292)",(344),"7,402 ",(62),"3,423 ",855 ,"1,270 ","3,425 ","(3,214)","(15,495)","3,253 ","3,669 ","11,351 ","3,832 ","21,309 ","17,575 ","95,226 ","108,632 ","96,892 ","198,571 ","270,054 ","384,056 ","397,377 ","604,123 ","557,724 ","671,833 ","472,788 ","487,820 ","610,278 ","571,006 ","503,401 ","629,524 ","675,336 ","581,370 ","544,690 ","722,929 ","700,841 ","659,829 ","531,300 ","721,640 ","694,366 ","653,337 ","575,204 ","746,517 ","748,985 ","663,298 ","684,843 ","634,490 ","700,061 ","637,078 ","540,838 ","601,225 ","612,568 ","553,959 ","483,242 ","670,713 ","596,511 ","553,403 ","298,655 ","389,401 ","329,364 ","143,695 "
Diluted Weighted Average Shares,"50,000 ","50,549 ","50,000 ","50,000 ","50,000 ","50,000 ","50,000 ","50,000 ","50,000 ","50,000 ","50,000 ","50,000 ","50,000 ","50,549 ","50,000 ","50,000 ","50,000 ","50,000 ","50,000 ","50,000 ","50,000 ","50,000 ","50,000 ","50,000 ","50,000 ","50,000 ","50,000 ","50,000 ","436,667 ","500,000 ","500,000 ","515,661 ","524,396 ","560,000 ","560,000 ","560,067 ","560,000 ","792,624 ","697,065 ","867,126 ","839,991 ","839,991 ","905,729 ","924,933 ","923,990 ","923,990 ","923,990 ","923,990 ","923,990 ","923,990 ","923,990 ","923,990 ","923,990 ","934,144 ","923,990 ","923,990 ","948,990 ","973,990 ","973,990 ","974,060 ","973,990 ","973,990 ","973,990 ","973,990 ","972,708 ","975,438 ","978,347 ","969,738 ","1,055,790 ","1,055,790 ","1,055,790 ","1,055,917 ","1,055,790 ","1,055,790 ","1,055,790 ","1,055,790 ","1,055,790 ","1,055,790 ","1,055,790 ","1,055,790 ","1,055,790 ","1,055,790 "
Diluted EPS Excluding ExtraOrd Items,0.04 ,0.09 ,0.12 ,0.12 ,0.11 ,0.04 ,0.15 ,0.04 ,0.12 ,0.17 ,0.16 ,0.08 ,0.03 ,0.03 ,0.04 ,0.06 ,0.09 ,0.14 ,0.12 ,0.05 ,(0.07),(0.01),0.15 ,0.00 ,0.07 ,0.02 ,0.03 ,0.07 ,(0.01),(0.03),0.01 ,0.01 ,0.02 ,0.01 ,0.04 ,0.03 ,0.17 ,0.13 ,0.14 ,0.23 ,0.32 ,0.46 ,0.44 ,0.65 ,0.60 ,0.73 ,0.51 ,0.53 ,0.66 ,0.62 ,0.54 ,0.68 ,0.73 ,0.63 ,0.59 ,0.78 ,0.74 ,0.68 ,0.55 ,0.74 ,0.71 ,0.67 ,0.59 ,0.77 ,0.77 ,0.68 ,0.70 ,0.65 ,0.66 ,0.60 ,0.51 ,0.57 ,0.58 ,0.52 ,0.46 ,0.64 ,0.56 ,0.52 ,0.28 ,0.37 ,0.31 ,0.14 
Diluted EPS Including ExtraOrd Items,0.04 ,0.09 ,0.12 ,0.12 ,0.11 ,0.04 ,0.15 ,0.04 ,0.12 ,0.17 ,0.16 ,0.08 ,0.03 ,0.03 ,0.04 ,0.06 ,0.09 ,0.14 ,0.12 ,0.05 ,(0.07),(0.01),0.15 ,0.00 ,0.07 ,0.02 ,0.03 ,0.07 ,(0.01),(0.03),0.01 ,0.01 ,0.02 ,0.01 ,0.04 ,0.03 ,0.17 ,0.13 ,0.14 ,0.23 ,0.32 ,0.46 ,0.44 ,0.65 ,0.60 ,0.73 ,0.51 ,0.53 ,0.66 ,0.62 ,0.54 ,0.68 ,0.73 ,0.63 ,0.59 ,0.78 ,0.74 ,0.68 ,0.55 ,0.74 ,0.71 ,0.67 ,0.59 ,0.77 ,0.77 ,0.68 ,0.70 ,0.65 ,0.66 ,0.60 ,0.51 ,0.57 ,0.58 ,0.52 ,0.46 ,0.64 ,0.56 ,0.52 ,0.28 ,0.37 ,0.31 ,0.14 
Supplemental (THB Thousands),,,,,,,,,,,,,,,,,,,,,,,,,,,,,,,,,,,,,,,,,,,,,,,,,,,,,,,,,,,,,,,,,,,,,,,,,,,,,,,,,,
DPS - Common Stock Primary Issue,0.00 ,0.00 ,0.00 ,0.00 ,0.00 ,0.00 ,0.00 ,0.22 ,0.00 ,0.20 ,0.00 ,0.20 ,0.00 ,0.05 ,0.00 ,0.15 ,0.00 ,0.15 ,0.00 ,0.12 ,0.00 ,0.05 ,0.20 ,0.00 ,0.05 ,0.00 ,0.00 ,0.00 ,0.00 ,0.00 ,0.00 ,0.00 ,0.00 ,0.00 ,0.00 ,0.00 ,0.00 ,0.00 ,0.00 ,0.00 ,0.00 ,0.40 ,0.00 ,0.45 ,0.00 ,0.00 ,0.44 ,0.81 ,0.00 ,0.40 ,0.00 ,0.70 ,0.00 ,0.50 ,0.00 ,0.65 ,0.00 ,0.55 ,0.00 ,0.65 ,0.00 ,0.50 ,0.00 ,0.72 ,0.00 ,0.55 ,0.00 ,0.65 ,0.00 ,0.25 ,0.00 ,0.55 ,0.00 ,0.25 ,0.00 ,0.60 ,0.00 ,0.30 ,0.00 ,0.65 ,0.00 ,0.50 
Gross Dividends - Common Stock,0 ,0 ,0 ,0 ,0 ,0 ,0 ,"11,000 ",0 ,"10,000 ",0 ,"10,000 ",0 ,"2,500 ",0 ,"7,500 ",0 ,"7,500 ",0 ,"6,000 ",0 ,"2,500 ","9,990 ",0 ,"2,500 ",0 ,0 ,0 ,0 ,0 ,0 ,0 ,0 ,0 ,0 ,0 ,0 ,0 ,0 ,0 ,0 ,"369,590 ",0 ,"415,800 ",0 ,0 ,"406,560 ","748,430 ",0 ,"369,600 ",0 ,"646,790 ",0 ,"462,000 ",0 ,"633,090 ",0 ,"535,690 ",0 ,"633,100 ",0 ,"487,000 ",0 ,"701,270 ",0 ,"535,690 ",0 ,"686,260 ",0 ,"263,950 ",0 ,"580,680 ",0 ,"263,950 ",0 ,"633,470 ",--,--,0 ,"686,260 ",0 ,"527,890 "
Total Special Items,--,--,--,--,--,--,--,--,--,--,--,--,--,--,--,--,--,--,--,--,--,--,--,--,--,--,--,--,--,--,--,--,--,--,--,--,--,--,--,--,(429),(153),--,(584),(995),(384),--,(755),--,"(1,060)",(3),--,--,--,--,--,--,--,--,--,--,--,--,--,--,--,--,--,--,--,--,--,--,--,--,--,--,--,--,--,--,--
Normalized Income Before Taxes,"3,006 ","6,796 ","10,135 ","9,007 ","8,162 ","2,842 ","10,881 ","1,774 ","7,322 ","10,631 ","10,130 ","5,079 ","2,146 ","2,041 ","2,572 ","4,073 ","5,676 ","8,961 ","7,933 ","3,862 ","(3,292)",(344),"8,786 ",135 ,"4,383 ","1,406 ","2,141 ","4,579 ","4,589 ",(702),"8,953 ","33,738 ","39,243 ","52,394 ","57,620 ","59,663 ","186,376 ","156,866 ","132,361 ","232,825 ","308,739 ","397,542 ","499,598 ","673,227 ","624,033 ","681,054 ","537,163 ","548,862 ","689,636 ","645,830 ","572,157 ","718,235 ","756,772 ","672,566 ","624,368 ","833,178 ","801,430 ","754,270 ","606,327 ","822,823 ","789,271 ","747,986 ","658,161 ","852,459 ","850,370 ","768,973 ","792,529 ","733,507 ","818,741 ","733,468 ","641,496 ","685,863 ","714,028 ","632,860 ","583,745 ","791,261 ","731,318 ","670,010 ","362,336 ","468,344 ","406,504 ","190,414 "
Effect of Special Items on Income Taxes,--,--,--,--,--,--,--,--,--,--,--,--,--,--,--,--,--,--,--,--,--,--,--,--,--,--,--,--,--,--,--,--,--,--,--,--,--,--,--,--,(150),(54),--,(204),(348),(134),--,(11),--,(371),0 ,--,--,--,--,--,--,--,--,--,--,--,--,--,--,--,--,--,--,--,--,--,--,--,--,--,--,--,--,--,--,--
Inc Tax Ex Impact of Sp Items,"1,443 ","2,106 ","2,500 ","2,814 ","2,792 ",758 ,"3,317 ",(95),"1,506 ","2,345 ","2,342 ",992 ,686 ,466 ,659 ,"1,000 ","1,382 ","1,962 ","1,782 ","1,140 ",0 ,0 ,"1,384 ",197 ,960 ,551 ,871 ,"1,154 ","5,292 ","14,133 ","3,112 ","10,059 ","7,558 ","18,520 ","2,171 ",(98),"49,363 ","6,653 ","4,576 ","3,880 ","(10,366)","(25,354)","36,735 ","(11,084)","(5,785)","(68,669)","(5,545)","7,731 ",(753),"(2,664)","1,696 ","10,804 ",14 ,"14,102 ","14,084 ","36,579 ","21,198 ","17,426 ","10,625 ","12,019 ","6,322 ","10,841 ","9,566 ","9,890 ","12,603 ","22,487 ","25,301 ","22,615 ","36,440 ","32,129 ","42,900 ","31,568 ","47,895 ","44,852 ","78,765 ","86,040 ","85,102 ","76,485 ","40,856 ","55,639 ","48,070 ","26,382 "
Normalized Income After Taxes,"1,563 ","4,690 ","7,635 ","6,193 ","5,370 ","2,084 ","7,564 ","1,869 ","5,816 ","8,286 ","7,788 ","4,087 ","1,460 ","1,575 ","1,913 ","3,073 ","4,294 ","6,999 ","6,151 ","2,722 ","(3,292)",(344),"7,402 ",(62),"3,423 ",855 ,"1,270 ","3,425 ",(703),"(14,835)","5,841 ","23,679 ","31,685 ","33,874 ","55,449 ","59,761 ","137,013 ","150,213 ","127,785 ","228,945 ","319,105 ","422,896 ","462,863 ","684,311 ","629,818 ","749,723 ","542,708 ","541,131 ","690,389 ","648,494 ","570,461 ","707,431 ","756,758 ","658,464 ","610,284 ","796,599 ","780,232 ","736,844 ","595,702 ","810,804 ","782,949 ","737,145 ","648,595 ","842,569 ","837,767 ","746,486 ","767,228 ","710,892 ","782,301 ","701,339 ","598,596 ","654,295 ","666,133 ","588,008 ","504,980 ","705,221 ","646,216 ","593,525 ","321,480 ","412,705 ","358,434 ","164,032 "
Normalized Inc. Avail to Com.,"2,027 ","4,737 ","6,182 ","6,193 ","5,370 ","2,084 ","7,564 ","1,869 ","5,816 ","8,286 ","7,788 ","4,087 ","1,460 ","1,575 ","1,913 ","3,073 ","4,294 ","6,999 ","6,151 ","2,722 ","(3,292)",(344),"7,402 ",(62),"3,423 ",855 ,"1,270 ","3,425 ","(3,214)","(15,495)","3,253 ","3,669 ","11,351 ","3,832 ","21,309 ","17,575 ","95,226 ","108,632 ","96,892 ","198,571 ","269,775 ","383,957 ","397,377 ","603,743 ","557,077 ","671,583 ","472,788 ","487,076 ","610,278 ","570,317 ","503,398 ","629,524 ","675,336 ","581,370 ","544,690 ","722,929 ","700,841 ","659,829 ","531,300 ","721,640 ","694,366 ","653,337 ","575,204 ","746,517 ","748,985 ","663,298 ","684,843 ","634,490 ","700,061 ","637,078 ","540,838 ","601,225 ","612,568 ","553,959 ","483,242 ","670,713 ","596,511 ","553,403 ","298,655 ","389,401 ","329,364 ","143,695 "
Basic Normalized EPS,0.04 ,0.09 ,0.12 ,0.12 ,0.11 ,0.04 ,0.15 ,0.04 ,0.12 ,0.17 ,0.16 ,0.08 ,0.03 ,0.03 ,0.04 ,0.06 ,0.09 ,0.14 ,0.12 ,0.05 ,(0.07),(0.01),0.15 ,0.00 ,0.07 ,0.02 ,0.03 ,0.07 ,(0.01),(0.03),0.01 ,0.01 ,0.02 ,0.01 ,0.04 ,0.03 ,0.17 ,0.17 ,0.15 ,0.23 ,0.32 ,0.46 ,0.44 ,0.65 ,0.60 ,0.73 ,0.51 ,0.53 ,0.66 ,0.62 ,0.54 ,0.68 ,0.73 ,0.63 ,0.59 ,0.78 ,0.74 ,0.68 ,0.55 ,0.74 ,0.71 ,0.67 ,0.59 ,0.77 ,0.77 ,0.68 ,0.70 ,0.65 ,0.66 ,0.60 ,0.51 ,0.57 ,0.58 ,0.52 ,0.46 ,0.64 ,0.56 ,0.52 ,0.28 ,0.37 ,0.31 ,0.14 
Diluted Normalized EPS,0.04 ,0.09 ,0.12 ,0.12 ,0.11 ,0.04 ,0.15 ,0.04 ,0.12 ,0.17 ,0.16 ,0.08 ,0.03 ,0.03 ,0.04 ,0.06 ,0.09 ,0.14 ,0.12 ,0.05 ,(0.07),(0.01),0.15 ,0.00 ,0.07 ,0.02 ,0.03 ,0.07 ,(0.01),(0.03),0.01 ,0.01 ,0.02 ,0.01 ,0.04 ,0.03 ,0.17 ,0.13 ,0.14 ,0.23 ,0.32 ,0.46 ,0.44 ,0.65 ,0.60 ,0.73 ,0.51 ,0.53 ,0.66 ,0.62 ,0.54 ,0.68 ,0.73 ,0.63 ,0.59 ,0.78 ,0.74 ,0.68 ,0.55 ,0.74 ,0.71 ,0.67 ,0.59 ,0.77 ,0.77 ,0.68 ,0.70 ,0.65 ,0.66 ,0.60 ,0.51 ,0.57 ,0.58 ,0.52 ,0.46 ,0.64 ,0.56 ,0.52 ,0.28 ,0.37 ,0.31 ,0.14 
"Amort of Intangibles, Supplemental",--,--,--,--,--,--,--,--,--,--,--,--,57 ,57 ,56 ,65 ,12 ,11 ,12 ,19 ,29 ,31 ,28 ,30 ,33 ,32 ,33 ,32 ,20 ,53 ,57 ,64 ,93 ,107 ,246 ,265 ,228 ,284 ,362 ,378 ,987 ,"1,036 ","1,350 ","1,365 ","1,349 ","1,353 ","1,379 ","1,564 ",--,--,--,--,--,--,--,--,--,--,--,--,--,--,--,--,--,--,--,--,--,--,--,--,--,--,--,--,--,--,--,--,--,--
"Depreciation, Supplemental",762 ,--,--,"3,447 ",922 ,982 ,"1,268 ","1,258 ","1,201 ","1,293 ","1,301 ","1,269 ","1,635 ","1,678 ","1,657 ","1,652 ","1,968 ","2,164 ","2,203 ","2,186 ","2,120 ","2,099 ","2,038 ","2,033 ","1,988 ","2,106 ","1,941 ","2,102 ","9,231 ","17,571 ","20,453 ","28,329 ","30,234 ","39,760 ","45,572 ","46,578 ","71,542 ","78,542 ","94,871 ","100,780 ","107,604 ","136,248 ","161,298 ","161,121 ","157,300 ","158,880 ","160,751 ","160,485 ","160,093 ","160,012 ","161,889 ","162,172 ","157,752 ","157,676 ","163,695 ","163,681 ","160,415 ","162,091 ","163,845 ","203,059 ","168,202 ","167,931 ","165,914 ","166,322 ","170,433 ","170,747 ","169,607 ","166,460 ","164,437 ","165,944 ","167,583 ","167,395 ","163,443 ","164,789 ","165,026 ","161,789 ","160,714 ","162,710 ","164,267 ","164,325 ","162,982 ","162,700 "
"Interest Expense, Supplemental",191 ,141 ,145 ,192 ,291 ,484 ,446 ,378 ,127 ,152 ,135 ,146 ,201 ,250 ,129 ,116 ,323 ,396 ,481 ,507 ,393 ,572 ,405 ,357 ,461 ,406 ,320 ,290 ,"10,123 ","18,312 ","31,700 ","42,603 ","41,157 ","47,117 ","60,244 ","81,342 ","109,847 ","124,160 ","171,900 ","199,471 ","215,586 ","267,193 ","249,337 ","246,813 ","233,755 ","227,611 ","222,685 ","213,728 ","194,171 ","186,289 ","188,572 ","176,185 ","157,438 ","157,881 ","153,153 ","149,698 ","129,664 ","130,770 ","124,312 ","118,555 ","95,783 ","95,327 ","86,499 ","82,592 ","69,123 ","67,514 ","66,813 ","3,703 ","34,621 ","38,818 ","40,261 ","12,367 ","27,247 ","27,123 ","25,857 ","23,710 ","13,349 ","13,549 ","13,593 ","12,658 ","7,065 ","7,050 "
Labor & Related Expense Suppl.,--,--,--,--,--,--,--,--,--,--,--,--,--,--,--,--,--,--,--,--,--,--,--,--,--,--,--,--,--,--,--,--,--,--,--,--,--,--,(378),--,--,--,--,--,--,--,--,--,--,--,--,--,--,--,--,--,--,--,--,--,--,--,--,--,--,--,--,--,--,--,--,--,--,--,--,--,--,--,--,--,--,--
"Equity in Affiliates, Supplemental",--,--,--,--,--,--,--,--,--,--,--,--,--,--,--,--,--,--,--,--,--,--,--,--,--,--,--,--,--,--,--,--,--,--,(101),"(1,658)","1,702 ","(2,729)","8,902 ","10,731 ",(324),(332),(195),174 ,(350),(372),(114),(232),(385),(390),(264),428 ,(246),254 ,--,(927),(64),--,--,0 ,0 ,--,--,(24),176 ,"(1,044)",39 ,"(1,175)",--,--,--,0 ,--,--,--,--,--,--,--,--,--,--
"Minority Interest, Supplemental",464 ,47 ,"(1,453)",0 ,--,--,--,0 ,--,--,--,--,--,--,--,--,--,--,--,--,--,--,--,--,--,--,--,--,"(2,511)",(660),"(2,588)","(20,010)","(20,334)","(30,042)","(34,140)","(42,186)","(41,787)","(41,581)","(30,893)","(30,374)","(49,330)","(38,939)","(65,486)","(80,568)","(72,741)","(78,140)","(69,920)","(54,055)","(80,111)","(78,177)","(67,063)","(77,907)","(81,422)","(77,094)","(65,594)","(73,670)","(79,391)","(77,015)","(64,402)","(89,164)","(88,583)","(83,808)","(73,391)","(96,052)","(88,782)","(83,188)","(82,385)","(76,402)","(82,240)","(64,261)","(57,758)","(53,070)","(53,565)","(34,049)","(21,738)","(34,508)","(49,705)","(40,122)","(22,825)","(23,304)","(29,070)","(20,337)"
Normalized EBIT,"3,197 ","6,937 ","10,280 ","9,199 ","8,453 ","3,326 ","11,327 ","2,152 ","7,449 ","10,783 ","10,265 ","5,225 ","2,347 ","2,291 ","2,701 ","4,189 ","5,999 ","9,357 ","8,414 ","4,369 ","(2,899)",228 ,"9,191 ",492 ,"4,844 ","1,812 ","2,461 ","4,870 ","14,712 ","42,380 ","36,342 ","76,341 ","80,400 ","99,511 ","117,965 ","142,663 ","294,521 ","200,955 ","277,598 ","421,565 ","508,007 ","660,370 ","740,010 ","911,520 ","850,657 ","886,056 ","751,609 ","750,245 ","878,117 ","806,194 ","749,069 ","853,684 ","881,844 ","803,875 ","758,216 ","954,210 ","919,817 ","869,093 ","718,236 ","932,525 ","877,994 ","827,228 ","736,412 ","917,863 ","932,370 ","794,244 ","828,179 ","776,665 ","850,786 ","766,938 ","676,495 ","774,313 ","792,945 ","695,115 ","589,710 ","815,213 ","744,185 ","679,644 ","375,176 ","479,401 ","409,606 ","195,954 "
Normalized EBITDA,"3,959 ",--,--,"12,646 ","9,375 ","4,308 ","12,595 ","3,410 ","8,650 ","12,076 ","11,566 ","6,494 ","4,039 ","4,026 ","4,414 ","5,906 ","7,979 ","11,532 ","10,629 ","6,574 ",(750),"2,358 ","11,257 ","2,555 ","6,865 ","3,950 ","4,435 ","7,004 ","23,963 ","60,004 ","56,852 ","104,734 ","110,727 ","139,378 ","163,783 ","189,506 ","366,291 ","279,781 ","372,831 ","522,723 ","616,598 ","797,654 ","902,658 ","1,074,006 ","1,009,306 ","1,046,289 ","913,739 ","912,294 ","1,038,210 ","966,206 ","910,958 ","1,015,856 ","1,039,596 ","961,551 ","921,911 ","1,117,891 ","1,080,232 ","1,031,184 ","882,081 ","1,135,584 ","1,046,196 ","995,159 ","902,326 ","1,084,185 ","1,102,803 ","964,991 ","997,786 ","943,125 ","1,015,223 ","932,882 ","844,078 ","941,708 ","956,388 ","859,904 ","754,736 ","977,002 ","904,899 ","842,354 ","539,443 ","643,726 ","572,588 ","358,654 "
Tax & Pension Items (THB Thousands),,,,,,,,,,,,,,,,,,,,,,,,,,,,,,,,,,,,,,,,,,,,,,,,,,,,,,,,,,,,,,,,,,,,,,,,,,,,,,,,,,
Domestic Pension Plan Expense,--,--,--,--,--,--,--,--,--,--,--,--,--,--,--,--,--,--,--,--,--,--,--,--,--,--,--,--,--,452 ,454 ,--,--,--,--,--,--,--,--,--,--,--,--,--,--,--,--,--,--,--,--,--,--,--,--,--,--,--,--,--,--,--,--,--,--,--,--,--,--,--,--,--,--,--,--,--,--,--,--,--,--,--
Interest Cost - Domestic,--,--,--,--,--,--,--,--,--,--,--,--,--,--,--,--,--,--,--,--,--,--,--,--,--,--,--,--,--,26 ,25 ,--,--,--,--,--,--,--,--,--,--,--,--,--,--,--,--,--,--,--,--,--,--,--,--,--,--,--,--,--,--,--,--,--,--,--,--,--,--,--,--,--,--,--,--,--,--,--,--,--,--,--
Service Cost - Domestic,--,--,--,--,--,--,--,--,--,--,--,--,--,--,--,--,--,--,--,--,--,--,--,--,--,--,--,--,--,405 ,407 ,--,--,--,--,--,--,--,--,--,--,--,--,--,--,--,--,--,--,--,--,--,--,--,--,--,--,--,--,--,--,--,--,--,--,--,--,--,--,--,--,--,--,--,--,--,--,--,--,--,--,--
Prior Service Cost - Domestic,--,--,--,--,--,--,--,--,--,--,--,--,--,--,--,--,--,--,--,--,--,--,--,--,--,--,--,--,--,21 ,22 ,--,--,--,--,--,--,--,--,--,--,--,--,--,--,--,--,--,--,--,--,--,--,--,--,--,--,--,--,--,--,--,--,--,--,--,--,--,--,--,--,--,--,--,--,--,--,--,--,--,--,--
Total Pension Expense,--,--,--,--,--,--,--,--,122 ,122 ,--,--,152 ,138 ,140 ,130 ,140 ,150 ,150 ,150 ,160 ,160 ,150 ,150 ,150 ,--,--,--,--,452 ,454 ,--,--,--,--,--,--,--,--,--,--,--,--,--,--,--,--,--,--,--,--,--,--,--,--,--,--,--,--,--,--,--,--,--,--,--,--,--,--,--,--,--,--,--,--,--,--,--,--,--,--,--
Defined Contribution Expense - Domestic,--,--,--,--,--,--,--,--,122 ,122 ,--,--,152 ,138 ,140 ,130 ,140 ,150 ,150 ,150 ,160 ,160 ,150 ,150 ,150 ,--,--,--,--,--,--,--,--,--,--,--,--,--,--,--,--,--,--,--,--,--,--,--,--,--,--,--,--,--,--,--,--,--,--,--,--,--,--,--,--,--,--,--,--,--,--,--,--,--,--,--,--,--,--,--,--,--
Assumptions,--,--,--,--,--,--,--,--,--,--,--,--,--,--,--,--,--,--,--,--,--,--,--,--,--,--,--,--,--,--,--,--,--,--,--,--,--,--,--,--,--,--,--,--,--,--,--,--,--,--,--,--,--,--,--,--,--,--,--,--,--,--,--,--,--,--,--,--,--,--,--,--,--,--,--,--,--,--,--,--,--,--
Discount Rate - Domestic,--,--,--,--,--,--,--,--,--,--,--,--,--,--,--,--,--,--,--,--,--,--,--,--,--,--,--,--,--,4.21%,4.21%,--,--,--,--,--,--,--,--,--,--,--,--,--,--,--,--,--,--,--,--,--,--,--,--,--,--,--,--,--,--,--,--,--,--,--,--,--,--,--,--,--,--,--,--,--,--,--,--,--,--,--
Compensation Rate - Domestic,--,--,--,--,--,--,--,--,--,--,--,--,--,--,--,--,--,--,--,--,--,--,--,--,--,--,--,--,--,15.45%,15.45%,--,--,--,--,--,--,--,--,--,--,--,--,--,--,--,--,--,--,--,--,--,--,--,--,--,--,--,--,--,--,--,--,--,--,--,--,--,--,--,--,--,--,--,--,--,--,--,--,--,--,--
Total Plan Interest Cost,--,--,--,--,--,--,--,--,--,--,--,--,--,--,--,--,--,--,--,--,--,--,--,--,--,--,--,--,--,26 ,25 ,--,--,--,--,--,--,--,--,--,--,--,--,--,--,--,--,--,--,--,--,--,--,--,--,--,--,--,--,--,--,--,--,--,--,--,--,--,--,--,--,--,--,--,--,--,--,--,--,--,--,--
Total Plan Service Cost,--,--,--,--,--,--,--,--,--,--,--,--,--,--,--,--,--,--,--,--,--,--,--,--,--,--,--,--,--,405 ,407 ,--,--,--,--,--,--,--,--,--,--,--,--,--,--,--,--,--,--,--,--,--,--,--,--,--,--,--,--,--,--,--,--,--,--,--,--,--,--,--,--,--,--,--,--,--,--,--,--,--,--,--
Dividends and Capital Changes,,,,,,,,,,,,,,,,,,,,,,,,,,,,,,,,,,,,,,,,,,,,,,,,,,,,,,,,,,,,,,,,,,,,,,,,,,,,,,,,,,
SPCG Ord Shs,,,,,,,,,,,,,,,,,,,,,,,,,,,,,,,,,,,,,,,,,,,,,,,,,,,,,,,,,,,,,,,,,,,,,,,,,,,,,,,,,,
Cash Dividend,--,--,--,--,--,--,--,THB 0.22 F,--,THB 0.20 I,--,THB 0.20 F,--,THB 0.05 I,--,THB 0.15 F,--,THB 0.15 I,--,THB 0.12 F,--,THB 0.05 I,THB 0.20 I,THB 0.00 F,THB 0.05 I,--,--,THB 0.00 F,--,--,--,THB 0.00 F,--,--,--,THB 0.00 F,--,--,--,THB 0.00 F,--,THB 0.40 I,--,THB 0.45 F,--,--,THB 0.44 I,THB 0.81 F,--,THB 0.40 I,--,THB 0.70 F,--,THB 0.50 I,--,THB 0.65 F,--,THB 0.55 I,--,THB 0.65 F,--,THB 0.50 I,--,THB 0.72 F,--,THB 0.55 I,--,THB 0.65 F,--,THB 0.25 I,--,THB 0.55 F,--,THB 0.25 I,--,THB 0.60 F,--,THB 0.30 I,--,THB 0.65 F,--,THB 0.50 I
,,,,,,,,(31-Dec) Pd.End ,,(30-Jun) Pd.End ,,(31-Dec) Pd.End ,,(30-Jun) Pd.End ,,(31-Dec) Pd.End ,,(30-Jun) Pd.End ,,(31-Dec) Pd.End ,,(30-Jun) Pd.End ,(30-Sep) Pd.End ,(31-Dec) Pd.End ,(31-Mar) Pd.End ,,,(31-Dec) Pd.End ,,,,(31-Dec) Pd.End ,,,,(31-Dec) Pd.End ,,,,(31-Dec) Pd.End ,,(30-Jun) Pd.End ,,(31-Dec) Pd.End ,,,(30-Sep) Pd.End ,(31-Dec) Pd.End ,,(30-Jun) Pd.End ,,(31-Dec) Pd.End ,,(30-Jun) Pd.End ,,(31-Dec) Pd.End ,,(30-Jun) Pd.End ,,(31-Dec) Pd.End ,,(30-Jun) Pd.End ,,(31-Dec) Pd.End ,,(30-Jun) Pd.End ,,(31-Dec) Pd.End ,,(30-Jun) Pd.End ,,(31-Dec) Pd.End ,,(30-Jun) Pd.End ,,(31-Dec) Pd.End ,,(30-Jun) Pd.End ,,(31-Dec) Pd.End ,,(30-Jun) Pd.End 
Buyback,--,--,--,--,--,--,--,--,--,--,--,--,--,--,--,--,--,--,--,--,--,--,--,--,--,--,--,--,--,--,--,--,--,--,--,--,--,--,--,--,--,--,--,--,--,--,--,--,--,--,--,--,--,--,--,--,--,--,--,--,--,--,--,--,--,1x,--,--,--,--,--,--,--,--,--,--,--,--,--,--,--,--
,,,,,,,,,,,,,,,,,,,,,,,,,,,,,,,,,,,,,,,,,,,,,,,,,,,,,,,,,,,,,,,,,,(30-Jun) ,,,,,,,,,,,,,,,,
