Teera-Mongkol Industry PCL | Income Statement                                25-Sep-2024 16:58,,,,,,,,,,,,,,,,,,,,,,,,,,,,,,,,,,,,,,,,,,,,,,,,,,,,,,,,,,,
,,,,,,,,,,,,,,,,,,,,,,,,,,,,,,,,,,,,,,,,,,,,,,,,,,,,,,,,,,,
Income Statement,,,,,,,,,,,,,,,,,,,,,,,,,,,,,,,,,,,,,,,,,,,,,,,,,,,,,,,,,,,
Quarterly Standardised in Thousands of Thai Baht,,,,,,,,,,,,,,,,,,,,,,,,,,,,,,,,,,,,,,,,,,,,,,,,,,,,,,,,,,,
,,2010,,,,2011,,,,2012,,,,2013,,,,2014,,,,2015,,,,2016,,,,2017,,,,2018,,,,2019,,,,2020,,,,2021,,,,2022,,,,2023,,,,2024,
,, Mar-2010, Jun-2010, Sep-2010, Dec-2010, Mar-2011, Jun-2011, Sep-2011, Dec-2011, Mar-2012, Jun-2012, Sep-2012, Dec-2012, Mar-2013, Jun-2013, Sep-2013, Dec-2013, Mar-2014, Jun-2014, Sep-2014, Dec-2014, Mar-2015, Jun-2015, Sep-2015, Dec-2015, Mar-2016, Jun-2016, Sep-2016, Dec-2016, Mar-2017, Jun-2017, Sep-2017, Dec-2017, Mar-2018, Jun-2018, Sep-2018, Dec-2018, Mar-2019, Jun-2019, Sep-2019, Dec-2019, Mar-2020, Jun-2020, Sep-2020, Dec-2020, Mar-2021, Jun-2021, Sep-2021, Dec-2021, Mar-2022, Jun-2022, Sep-2022, Dec-2022, Mar-2023, Jun-2023, Sep-2023, Dec-2023, Mar-2024, Jun-2024
Earnings Quality Score,,N/A ,N/A ,N/A ,N/A ,N/A ,N/A ,N/A ,N/A ,N/A ,N/A ,N/A ,N/A ,N/A ,N/A ,N/A ,N/A ,N/A ,44 ,39 ,16 ,41 ,66 ,60 ,77 ,80 ,79 ,81 ,71 ,18 ,2 ,14 ,25 ,28 ,19 ,4 ,2 ,6 ,39 ,46 ,54 ,39 ,44 ,43 ,28 ,38 ,21 ,4 ,2 ,1 ,1 ,2 ,5 ,22 ,36 ,71 ,73 ,68 ,59 
Period End Date,,31-Mar-2010 ,30-Jun-2010 ,30-Sep-2010 ,31-Dec-2010 ,31-Mar-2011 ,30-Jun-2011 ,30-Sep-2011 ,31-Dec-2011 ,31-Mar-2012 ,30-Jun-2012 ,30-Sep-2012 ,31-Dec-2012 ,31-Mar-2013 ,30-Jun-2013 ,30-Sep-2013 ,31-Dec-2013 ,31-Mar-2014 ,30-Jun-2014 ,30-Sep-2014 ,31-Dec-2014 ,31-Mar-2015 ,30-Jun-2015 ,30-Sep-2015 ,31-Dec-2015 ,31-Mar-2016 ,30-Jun-2016 ,30-Sep-2016 ,31-Dec-2016 ,31-Mar-2017 ,30-Jun-2017 ,30-Sep-2017 ,31-Dec-2017 ,31-Mar-2018 ,30-Jun-2018 ,30-Sep-2018 ,31-Dec-2018 ,31-Mar-2019 ,30-Jun-2019 ,30-Sep-2019 ,31-Dec-2019 ,31-Mar-2020 ,30-Jun-2020 ,30-Sep-2020 ,31-Dec-2020 ,31-Mar-2021 ,30-Jun-2021 ,30-Sep-2021 ,31-Dec-2021 ,31-Mar-2022 ,30-Jun-2022 ,30-Sep-2022 ,31-Dec-2022 ,23-Mar-2023 ,30-Jun-2023 ,30-Sep-2023 ,31-Dec-2023 ,31-Mar-2024 ,30-Jun-2024 
Revenue,,"85,157 ","74,443 ","85,323 ","99,964 ","85,144 ","80,447 ","103,571 ","107,247 ","124,101 ","104,940 ","107,986 ","120,713 ","111,939 ","106,912 ","107,806 ","112,630 ","100,328 ","95,795 ","138,789 ","149,707 ","144,686 ","128,996 ","118,717 ","150,999 ","119,043 ","113,849 ","104,897 ","135,425 ","101,411 ","99,777 ","95,991 ","104,442 ","97,546 ","85,778 ","101,042 ","107,567 ","105,421 ","89,645 ","91,104 ","105,826 ","93,195 ","112,562 ","122,378 ","119,725 ","109,436 ","116,551 ","122,394 ","135,893 ","143,547 ","135,391 ","144,585 ","143,260 ","161,346 ","147,704 ","133,594 ","139,459 ","144,270 ","137,056 "
Net Sales,,"85,157 ","74,443 ","85,323 ","99,964 ","85,144 ","80,447 ","103,571 ","107,247 ","124,101 ","104,940 ","107,986 ","120,713 ","111,939 ","106,912 ","107,806 ","112,630 ","100,328 ","95,795 ","138,789 ","149,707 ","144,686 ","128,996 ","118,717 ","150,999 ","119,043 ","113,849 ","104,897 ","135,425 ","101,411 ","99,777 ","95,991 ","104,442 ","97,546 ","85,778 ","101,042 ","107,567 ","105,421 ","89,645 ","91,104 ","105,826 ","93,195 ","112,562 ","122,378 ","119,725 ","109,436 ","116,551 ","122,394 ","135,893 ","143,547 ","135,391 ","144,585 ","143,260 ","161,346 ","147,704 ","133,594 ","139,459 ","144,270 ","137,056 "
Total Revenue,,"85,157 ","74,443 ","85,323 ","99,964 ","85,144 ","80,447 ","103,571 ","107,247 ","124,101 ","104,940 ","107,986 ","120,713 ","111,939 ","106,912 ","107,806 ","112,630 ","100,328 ","95,795 ","138,789 ","149,707 ","144,686 ","128,996 ","118,717 ","150,999 ","119,043 ","113,849 ","104,897 ","135,425 ","101,411 ","99,777 ","95,991 ","104,442 ","97,546 ","85,778 ","101,042 ","107,567 ","105,421 ","89,645 ","91,104 ","105,826 ","93,195 ","112,562 ","122,378 ","119,725 ","109,436 ","116,551 ","122,394 ","135,893 ","143,547 ","135,391 ","144,585 ","143,260 ","161,346 ","147,704 ","133,594 ","139,459 ","144,270 ","137,056 "
"Cost of Revenue, Total",,"62,007 ","55,963 ","64,482 ","75,522 ","62,804 ","60,977 ","79,791 ","81,419 ","89,927 ","76,481 ","80,333 ","87,589 ","79,268 ","74,755 ","77,275 ","81,529 ","73,469 ","70,265 ","98,977 ","102,524 ","103,350 ","93,344 ","84,302 ","107,104 ","80,135 ","78,534 ","72,952 ","88,131 ","68,281 ","71,989 ","67,119 ","74,094 ","65,434 ","62,081 ","68,450 ","81,570 ","70,272 ","60,768 ","61,412 ","68,812 ","62,564 ","74,068 ","79,830 ","77,457 ","71,011 ","78,023 ","86,976 ","95,550 ","96,045 ","89,516 ","94,456 ","99,451 ","103,874 ","94,888 ","90,933 ","97,217 ","97,340 ","93,139 "
Cost of Revenue,,"62,007 ","55,963 ","64,482 ","75,522 ","62,804 ","60,977 ","79,791 ","81,419 ","89,927 ","76,481 ","80,333 ","87,589 ","79,268 ","74,755 ","77,275 ","81,529 ","73,469 ","70,265 ","98,977 ","102,524 ","103,350 ","93,344 ","84,302 ","107,104 ","80,135 ","78,534 ","72,952 ","88,131 ","68,281 ","71,989 ","67,119 ","74,094 ","65,434 ","62,081 ","68,450 ","81,570 ","70,272 ","60,768 ","61,412 ","68,812 ","62,564 ","74,068 ","79,830 ","77,457 ","71,011 ","78,023 ","86,976 ","95,550 ","96,045 ","89,516 ","94,456 ","99,451 ","103,874 ","94,888 ","90,933 ","97,217 ","97,340 ","93,139 "
Gross Profit,,"23,150 ","18,480 ","20,841 ","24,442 ","22,340 ","19,470 ","23,780 ","25,828 ","34,174 ","28,459 ","27,653 ","33,124 ","32,671 ","32,157 ","30,531 ","31,101 ","26,860 ","25,529 ","39,812 ","47,183 ","41,336 ","35,651 ","34,415 ","43,895 ","38,909 ","35,315 ","31,945 ","47,293 ","33,130 ","27,789 ","28,873 ","30,348 ","32,112 ","23,697 ","32,592 ","25,997 ","35,149 ","28,878 ","29,692 ","37,014 ","30,631 ","38,495 ","42,548 ","42,268 ","38,425 ","38,527 ","35,418 ","40,343 ","47,502 ","45,875 ","50,129 ","43,809 ","57,472 ","52,815 ","42,660 ","42,242 ","46,930 ","43,917 "
,,,,,,,,,,,,,,,,,,,,,,,,,,,,,,,,,,,,,,,,,,,,,,,,,,,,,,,,,,,
"Selling/General/Admin. Expenses, Total",,"11,163 ","14,859 ","14,136 ","15,908 ","15,256 ","16,563 ","19,589 ","20,677 ","19,161 ","20,047 ","23,517 ","29,733 ","24,598 ","27,698 ","28,650 ","30,862 ","30,559 ","30,786 ","35,217 ","41,902 ","36,695 ","41,570 ","37,746 ","34,696 ","36,329 ","36,657 ","36,935 ","36,527 ","32,010 ","35,782 ","40,169 ","37,666 ","39,627 ","33,999 ","37,608 ","22,702 ","32,938 ","34,793 ","32,644 ","33,789 ","32,408 ","33,332 ","34,639 ","34,839 ","35,207 ","36,687 ","35,957 ","38,697 ","37,371 ","35,113 ","36,667 ","38,283 ","33,040 ","34,046 ","36,294 ","41,766 ","38,769 ","38,019 "
Selling/General/Administrative Expense,,"9,957 ","12,901 ","12,947 ","14,726 ","13,809 ","18,010 ","18,020 ","18,507 ","19,161 ","20,047 ","23,517 ","29,733 ","24,598 ","27,698 ","28,650 ","30,862 ","30,559 ","30,786 ","35,217 ","41,902 ","36,695 ","41,570 ","37,746 ","34,696 ","36,329 ","36,657 ","36,935 ","36,527 ","32,010 ","35,782 ","40,169 ","37,666 ","39,627 ","33,999 ","37,608 ","22,702 ","32,938 ","34,793 ","32,644 ","33,789 ","32,408 ","33,332 ","34,639 ","34,839 ","35,207 ","36,687 ","35,957 ","38,697 ","37,371 ","35,113 ","36,667 ","38,283 ","33,040 ","34,046 ","36,294 ","41,766 ","38,769 ","38,019 "
Labor & Related Expense,,"1,206 ","1,957 ","1,189 ","1,183 ","1,448 ",--,"1,569 ","2,171 ",--,--,--,--,--,--,--,--,--,--,--,--,--,--,--,--,--,--,--,--,--,--,--,--,--,--,--,--,--,--,--,--,--,--,--,--,--,--,--,--,--,--,--,--,--,--,--,--,--,--
"Other Operating Expenses, Total",,"(1,072)",(711),(599),"(1,444)","(1,319)","(1,011)",(930),"(1,060)",(965),"(1,045)","(2,490)","(1,329)","(1,015)",(685),"(1,193)",(519),(676),(741),"(1,277)",(513),(484),(377),(349),"(1,052)",(888),(503),(409),(891),(523),(325),(237),"(1,176)",(677),"(1,161)",(991),"(1,027)",(731),(699),(412),(409),(350),(334),(317),(613),(157),(698),(323),(832),(289),(590),(657),(557),(738),"(1,989)",(475),"(2,197)",(139),(391)
Other Operating Expense,,--,--,--,--,--,--,--,--,--,--,--,--,--,--,--,--,--,--,--,0 ,--,--,--,--,--,--,--,--,--,--,--,--,--,--,--,--,--,--,--,--,--,--,--,--,--,--,--,--,--,--,--,--,--,--,--,--,--,--
"Other, Net",,"(1,072)",(711),(599),"(1,444)","(1,319)","(1,011)",(930),"(1,060)",(965),"(1,045)","(2,490)","(1,329)","(1,015)",(685),"(1,193)",(519),(676),(741),"(1,277)",(513),(484),(377),(349),"(1,052)",(888),(503),(409),(891),(523),(325),(237),"(1,176)",(677),"(1,161)",(991),"(1,027)",(731),(699),(412),(409),(350),(334),(317),(613),(157),(698),(323),(832),(289),(590),(657),(557),(738),"(1,989)",(475),"(2,197)",(139),(391)
Total Operating Expense,,"72,099 ","70,110 ","78,019 ","89,986 ","76,741 ","76,528 ","98,450 ","101,037 ","108,124 ","95,482 ","101,360 ","115,993 ","102,850 ","101,767 ","104,731 ","111,872 ","103,351 ","100,311 ","132,917 ","143,913 ","139,561 ","134,538 ","121,699 ","140,748 ","115,575 ","114,688 ","109,478 ","123,768 ","99,769 ","107,445 ","107,050 ","110,584 ","104,383 ","94,919 ","105,066 ","103,245 ","102,478 ","94,861 ","93,643 ","102,191 ","94,622 ","107,066 ","114,153 ","111,683 ","106,061 ","114,011 ","122,609 ","133,415 ","133,127 ","124,039 ","130,466 ","137,176 ","136,176 ","126,946 ","126,753 ","136,786 ","135,971 ","130,767 "
Operating Income,,"13,058 ","4,333 ","7,305 ","9,978 ","8,403 ","3,919 ","5,121 ","6,210 ","15,977 ","9,458 ","6,626 ","4,721 ","9,089 ","5,144 ","3,075 ",758 ,"(3,023)","(4,516)","5,872 ","5,794 ","5,125 ","(5,542)","(2,982)","10,251 ","3,469 ",(839),"(4,581)","11,657 ","1,642 ","(7,668)","(11,059)","(6,142)","(6,837)","(9,141)","(4,024)","4,322 ","2,943 ","(5,216)","(2,539)","3,634 ","(1,427)","5,496 ","8,225 ","8,042 ","3,375 ","2,539 ",(215),"2,477 ","10,420 ","11,352 ","14,119 ","6,084 ","25,170 ","20,758 ","6,841 ","2,673 ","8,299 ","6,289 "
"Interest Expense, Net Non-Operating",,(323),(364),(162),(163),(152),(625),(685),(724),(765),(621),(886),(851),(895),"(1,200)","(2,101)","(1,463)","(1,205)","(1,308)","(1,629)","(1,824)","(1,621)","(1,429)","(1,471)","(1,095)",(902),"(1,162)","(2,078)","(1,505)",(591),(926),"(1,006)",(819),(711),"(1,178)","(1,704)","(2,128)","(2,232)","(2,359)","(2,549)","(2,546)","(2,406)","(2,063)","(2,099)","(2,193)","(2,049)","(2,391)","(3,246)","(3,778)","(3,568)","(3,445)","(3,470)","(3,919)","(7,250)","(6,986)","(6,917)","(6,816)","(6,356)","(6,304)"
Interest Expense - Non-Operating,,(323),(364),(162),(163),(152),(625),(685),(724),(765),(621),(886),(851),(895),"(1,200)","(2,101)","(1,463)","(1,205)","(1,308)","(1,629)","(1,824)","(1,621)","(1,429)","(1,471)","(1,095)",(902),"(1,162)","(2,078)","(1,505)",(591),(926),"(1,006)",(819),(711),"(1,178)","(1,704)","(2,128)","(2,232)","(2,359)","(2,549)","(2,546)","(2,406)","(2,063)","(2,099)","(2,193)","(2,049)","(2,391)","(3,246)","(3,778)","(3,568)","(3,445)","(3,470)","(3,919)","(7,250)","(6,986)","(6,917)","(6,816)","(6,356)","(6,304)"
Interest/Invest Income - Non-Operating,,--,--,--,--,--,--,--,--,--,--,--,--,--,--,--,--,--,--,--,--,--,--,--,--,--,--,--,--,--,--,--,--,--,--,--,--,--,--,--,--,--,3 ,11 ,--,--,63 ,182 ,30 ,0 ,1 ,0 ,9 ,0 ,11 ,11 ,12 ,0 ,11 
Investment Income - Non-Operating,,--,--,--,--,--,--,--,--,--,--,--,--,--,--,--,--,--,--,--,--,--,--,--,--,--,--,--,--,--,--,--,--,--,--,--,--,--,--,--,--,--,3 ,11 ,--,--,63 ,182 ,30 ,0 ,1 ,0 ,9 ,0 ,11 ,11 ,12 ,0 ,11 
"Interest Inc.(Exp.),Net-Non-Op., Total",,(323),(364),(162),(163),(152),(625),(685),(724),(765),(621),(886),(851),(895),"(1,200)","(2,101)","(1,463)","(1,205)","(1,308)","(1,629)","(1,824)","(1,621)","(1,429)","(1,471)","(1,095)",(902),"(1,162)","(2,078)","(1,505)",(591),(926),"(1,006)",(819),(711),"(1,178)","(1,704)","(2,128)","(2,232)","(2,359)","(2,549)","(2,546)","(2,406)","(2,060)","(2,088)","(2,193)","(2,049)","(2,328)","(3,065)","(3,748)","(3,568)","(3,444)","(3,470)","(3,910)","(7,250)","(6,975)","(6,906)","(6,804)","(6,356)","(6,293)"
Net Income Before Taxes,,"12,735 ","3,968 ","7,143 ","9,815 ","8,251 ","3,294 ","4,436 ","5,486 ","15,212 ","8,837 ","5,740 ","3,869 ","8,194 ","3,945 ",974 ,(705),"(4,227)","(5,824)","4,243 ","3,970 ","3,504 ","(6,971)","(4,453)","9,156 ","2,567 ","(2,001)","(6,660)","10,152 ","1,051 ","(8,594)","(12,065)","(6,961)","(7,549)","(10,319)","(5,727)","2,194 ",711 ,"(7,575)","(5,088)","1,089 ","(3,833)","3,437 ","6,137 ","5,849 ","1,327 ",212 ,"(3,280)","(1,270)","6,852 ","7,909 ","10,649 ","2,173 ","17,920 ","13,783 ",(65),"(4,131)","1,943 ",(5)
Provision for Income Taxes,,"3,907 ",(13),"2,178 ","3,151 ",918 ,334 ,453 ,(60),625 ,125 ,90 ,(85),444 ,18 ,(68),(79),(150),(69),(165),(143),805 ,(969),80 ,703 ,(279),(31),(404),89 ,(560),(690),(101),27 ,(826),(16),"(2,050)",(484),120 ,"(1,155)",(736),(517),(129),"(1,667)",(167),(532),293 ,(134),(123),(651),(277),"1,892 ","3,082 ","(1,272)","4,436 ","4,230 ","1,604 ","1,461 ","2,063 ","1,064 "
Net Income After Taxes,,"8,828 ","3,981 ","4,964 ","6,664 ","7,332 ","2,959 ","3,983 ","5,547 ","14,587 ","8,713 ","5,650 ","3,954 ","7,751 ","3,927 ","1,042 ",(627),"(4,077)","(5,754)","4,408 ","4,114 ","2,699 ","(6,002)","(4,533)","8,453 ","2,846 ","(1,970)","(6,256)","10,063 ","1,611 ","(7,903)","(11,964)","(6,987)","(6,723)","(10,302)","(3,678)","2,678 ",591 ,"(6,420)","(4,352)","1,605 ","(3,704)","5,103 ","6,305 ","6,381 ","1,033 ",345 ,"(3,157)",(619),"7,130 ","6,017 ","7,567 ","3,446 ","13,485 ","9,553 ","(1,669)","(5,592)",(119),"(1,068)"
Minority Interest,,--,--,--,--,--,--,--,--,--,--,--,--,--,--,--,--,--,--,--,--,--,--,--,--,--,--,--,--,--,--,--,--,--,--,--,--,0 ,86 ,41 ,65 ,37 ,33 ,79 ,155 ,175 ,595 ,962 ,"1,217 ","1,156 ","1,123 ","1,641 ","2,129 ","1,555 ","2,233 ","3,088 ","4,411 ","2,305 ","2,022 "
Net Income Before Extra. Items,,"8,828 ","3,981 ","4,964 ","6,664 ","7,332 ","2,959 ","3,983 ","5,547 ","14,587 ","8,713 ","5,650 ","3,954 ","7,751 ","3,927 ","1,042 ",(627),"(4,077)","(5,754)","4,408 ","4,114 ","2,699 ","(6,002)","(4,533)","8,453 ","2,846 ","(1,970)","(6,256)","10,063 ","1,611 ","(7,903)","(11,964)","(6,987)","(6,723)","(10,302)","(3,678)","2,678 ",591 ,"(6,334)","(4,311)","1,670 ","(3,667)","5,137 ","6,383 ","6,536 ","1,209 ",941 ,"(2,195)",598 ,"8,286 ","7,140 ","9,208 ","5,574 ","15,039 ","11,786 ","1,419 ","(1,181)","2,186 ",954 
,,,,,,,,,,,,,,,,,,,,,,,,,,,,,,,,,,,,,,,,,,,,,,,,,,,,,,,,,,,
Net Income,,"8,828 ","3,981 ","4,964 ","6,664 ","7,332 ","2,959 ","3,983 ","5,547 ","14,587 ","8,713 ","5,650 ","3,954 ","7,751 ","3,927 ","1,042 ",(627),"(4,077)","(5,754)","4,408 ","4,114 ","2,699 ","(6,002)","(4,533)","8,453 ","2,846 ","(1,970)","(6,256)","10,063 ","1,611 ","(7,903)","(11,964)","(6,987)","(6,723)","(10,302)","(3,678)","2,678 ",591 ,"(6,334)","(4,311)","1,670 ","(3,667)","5,137 ","6,383 ","6,536 ","1,209 ",941 ,"(2,195)",598 ,"8,286 ","7,140 ","9,208 ","5,574 ","15,039 ","11,786 ","1,419 ","(1,181)","2,186 ",954 
,,,,,,,,,,,,,,,,,,,,,,,,,,,,,,,,,,,,,,,,,,,,,,,,,,,,,,,,,,,
Miscellaneous Earnings Adjustment,,--,--,--,--,--,--,--,--,--,--,--,--,--,--,--,--,--,--,--,0 ,--,--,--,--,--,--,--,--,--,--,--,--,--,--,--,--,--,--,--,--,--,--,--,--,--,--,--,--,--,--,--,--,--,--,--,--,--,--
Total Adjustments to Net Income,,--,--,--,--,--,--,--,--,--,--,--,--,--,--,--,--,--,--,--,0 ,--,--,--,--,--,--,--,--,--,--,--,--,--,--,--,--,--,--,--,--,--,--,--,--,--,--,--,--,--,--,--,--,--,--,--,--,--,--
Income Available to Com Excl ExtraOrd,,"8,828 ","3,981 ","4,964 ","6,664 ","7,332 ","2,959 ","3,983 ","5,547 ","14,587 ","8,713 ","5,650 ","3,954 ","7,751 ","3,927 ","1,042 ",(627),"(4,077)","(5,754)","4,408 ","4,114 ","2,699 ","(6,002)","(4,533)","8,453 ","2,846 ","(1,970)","(6,256)","10,063 ","1,611 ","(7,903)","(11,964)","(6,987)","(6,723)","(10,302)","(3,678)","2,678 ",591 ,"(6,334)","(4,311)","1,670 ","(3,667)","5,137 ","6,383 ","6,536 ","1,209 ",941 ,"(2,195)",598 ,"8,286 ","7,140 ","9,208 ","5,574 ","15,039 ","11,786 ","1,419 ","(1,181)","2,186 ",954 
Income Available to Com Incl ExtraOrd,,"8,828 ","3,981 ","4,964 ","6,664 ","7,332 ","2,959 ","3,983 ","5,547 ","14,587 ","8,713 ","5,650 ","3,954 ","7,751 ","3,927 ","1,042 ",(627),"(4,077)","(5,754)","4,408 ","4,114 ","2,699 ","(6,002)","(4,533)","8,453 ","2,846 ","(1,970)","(6,256)","10,063 ","1,611 ","(7,903)","(11,964)","(6,987)","(6,723)","(10,302)","(3,678)","2,678 ",591 ,"(6,334)","(4,311)","1,670 ","(3,667)","5,137 ","6,383 ","6,536 ","1,209 ",941 ,"(2,195)",598 ,"8,286 ","7,140 ","9,208 ","5,574 ","15,039 ","11,786 ","1,419 ","(1,181)","2,186 ",954 
Basic Weighted Average Shares,,"336,001 ","407,386 ","448,001 ","600,617 ","448,001 ","302,770 ","448,001 ","522,668 ","448,001 ","448,001 ","448,001 ","448,001 ","448,001 ","448,001 ","448,001 ","452,947 ","461,676 ","462,770 ","464,788 ","485,687 ","522,080 ","532,048 ","525,433 ","671,061 ","671,441 ","671,441 ","671,441 ","661,993 ","805,483 ","658,608 ","664,685 ","628,754 ","672,260 ","686,813 ","735,544 ","666,849 ","635,718 ","633,364 ","718,481 ","568,802 ","671,441 ","671,441 ","671,441 ","671,441 ","671,441 ","671,441 ","671,441 ","671,441 ","671,441 ","671,441 ","671,441 ","671,441 ","671,441 ","671,441 ","671,441 ","671,441 ","718,532 ","671,441 "
Basic EPS Excluding Extraordinary Items,,0.03 ,0.01 ,0.01 ,0.01 ,0.02 ,0.01 ,0.01 ,0.01 ,0.03 ,0.02 ,0.01 ,0.01 ,0.02 ,0.01 ,0.00 ,0.00 ,(0.01),(0.01),0.01 ,0.01 ,0.01 ,(0.01),(0.01),0.01 ,0.00 ,0.00 ,(0.01),0.02 ,0.00 ,(0.01),(0.02),(0.01),(0.01),(0.02),(0.01),0.00 ,0.00 ,(0.01),(0.01),0.00 ,(0.01),0.01 ,0.01 ,0.01 ,0.00 ,0.00 ,0.00 ,0.00 ,0.01 ,0.01 ,0.01 ,0.01 ,0.02 ,0.02 ,0.00 ,0.00 ,0.00 ,0.00 
Basic EPS Including Extraordinary Items,,0.03 ,0.01 ,0.01 ,0.01 ,0.02 ,0.01 ,0.01 ,0.01 ,0.03 ,0.02 ,0.01 ,0.01 ,0.02 ,0.01 ,0.00 ,0.00 ,(0.01),(0.01),0.01 ,0.01 ,0.01 ,(0.01),(0.01),0.01 ,0.00 ,0.00 ,(0.01),0.02 ,0.00 ,(0.01),(0.02),(0.01),(0.01),(0.02),(0.01),0.00 ,0.00 ,(0.01),(0.01),0.00 ,(0.01),0.01 ,0.01 ,0.01 ,0.00 ,0.00 ,0.00 ,0.00 ,0.01 ,0.01 ,0.01 ,0.01 ,0.02 ,0.02 ,0.00 ,0.00 ,0.00 ,0.00 
Dilution Adjustment,,--,--,--,--,0 ,0 ,0 ,0 ,0 ,--,--,--,--,--,--,--,--,0 ,--,--,--,--,--,--,--,--,--,--,--,--,--,--,--,--,--,--,--,--,--,--,--,--,--,--,--,--,--,--,--,--,--,--,--,--,--,--,--,--
Diluted Net Income,,"8,828 ","3,981 ","4,964 ","6,664 ","7,332 ","2,959 ","3,983 ","5,547 ","14,587 ","8,713 ","5,650 ","3,954 ","7,751 ","3,927 ","1,042 ",(627),"(4,077)","(5,754)","4,408 ","4,114 ","2,699 ","(6,002)","(4,533)","8,453 ","2,846 ","(1,970)","(6,256)","10,063 ","1,611 ","(7,903)","(11,964)","(6,987)","(6,723)","(10,302)","(3,678)","2,678 ",591 ,"(6,334)","(4,311)","1,670 ","(3,667)","5,137 ","6,383 ","6,536 ","1,209 ",941 ,"(2,195)",598 ,"8,286 ","7,140 ","9,208 ","5,574 ","15,039 ","11,786 ","1,419 ","(1,181)","2,186 ",954 
Diluted Weighted Average Shares,,"336,001 ","407,386 ","448,001 ","600,617 ","448,001 ","302,770 ","448,001 ","522,668 ","448,001 ","448,001 ","448,001 ","1,215,928 ","649,601 ","646,295 ","638,450 ","452,947 ","461,676 ","462,770 ","645,320 ","485,687 ","522,080 ","532,048 ","525,433 ","671,061 ","671,441 ","671,441 ","671,441 ","661,993 ","805,483 ","658,608 ","664,685 ","628,754 ","672,260 ","686,813 ","735,544 ","666,849 ","635,718 ","633,364 ","718,481 ","568,802 ","671,441 ","671,441 ","671,441 ","671,441 ","671,441 ","672,046 ","671,441 ","671,441 ","671,441 ","671,441 ","671,441 ","671,441 ","671,441 ","671,441 ","671,441 ","671,441 ","718,532 ","732,498 "
Diluted EPS Excluding ExtraOrd Items,,0.03 ,0.01 ,0.01 ,0.01 ,0.02 ,0.01 ,0.01 ,0.01 ,0.03 ,0.02 ,0.01 ,0.00 ,0.01 ,0.01 ,0.00 ,0.00 ,(0.01),(0.01),0.01 ,0.01 ,0.01 ,(0.01),(0.01),0.01 ,0.00 ,0.00 ,(0.01),0.02 ,0.00 ,(0.01),(0.02),(0.01),(0.01),(0.02),(0.01),0.00 ,0.00 ,(0.01),(0.01),0.00 ,(0.01),0.01 ,0.01 ,0.01 ,0.00 ,0.00 ,0.00 ,0.00 ,0.01 ,0.01 ,0.01 ,0.01 ,0.02 ,0.02 ,0.00 ,0.00 ,0.00 ,0.00 
Diluted EPS Including ExtraOrd Items,,0.03 ,0.01 ,0.01 ,0.01 ,0.02 ,0.01 ,0.01 ,0.01 ,0.03 ,0.02 ,0.01 ,0.00 ,0.01 ,0.01 ,0.00 ,0.00 ,(0.01),(0.01),0.01 ,0.01 ,0.01 ,(0.01),(0.01),0.01 ,0.00 ,0.00 ,(0.01),0.02 ,0.00 ,(0.01),(0.02),(0.01),(0.01),(0.02),(0.01),0.00 ,0.00 ,(0.01),(0.01),0.00 ,(0.01),0.01 ,0.01 ,0.01 ,0.00 ,0.00 ,0.00 ,0.00 ,0.01 ,0.01 ,0.01 ,0.01 ,0.02 ,0.02 ,0.00 ,0.00 ,0.00 ,0.00 
Supplemental (THB Thousands),,,,,,,,,,,,,,,,,,,,,,,,,,,,,,,,,,,,,,,,,,,,,,,,,,,,,,,,,,,
DPS - Common Stock Primary Issue,,0.00 ,0.00 ,0.00 ,0.04 ,0.00 ,0.00 ,0.00 ,0.00 ,0.00 ,0.00 ,0.00 ,0.03 ,0.00 ,0.00 ,0.00 ,0.01 ,0.00 ,0.00 ,0.00 ,0.00 ,0.00 ,0.00 ,0.00 ,0.02 ,0.00 ,0.00 ,0.00 ,0.01 ,0.00 ,0.00 ,0.00 ,0.00 ,0.00 ,0.00 ,0.00 ,0.00 ,0.00 ,0.00 ,0.00 ,0.00 ,0.00 ,0.00 ,0.00 ,0.00 ,0.00 ,0.00 ,0.00 ,0.00 ,0.00 ,0.00 ,0.00 ,0.02 ,0.00 ,0.02 ,0.00 ,0.03 ,0.00 ,0.00 
Gross Dividends - Common Stock,,0 ,0 ,0 ,"16,000 ",0 ,0 ,0 ,0 ,0 ,0 ,0 ,"15,359 ",0 ,0 ,0 ,"5,940 ",0 ,0 ,0 ,"2,070 ",0 ,0 ,0 ,"10,070 ",0 ,0 ,0 ,"4,020 ",0 ,--,--,--,--,--,--,--,--,--,--,--,--,--,--,--,--,--,--,--,--,--,--,--,--,--,--,--,--,--
Normalized Income Before Taxes,,"12,735 ","3,968 ","7,143 ","9,815 ","8,251 ","3,294 ","4,436 ","5,486 ","15,212 ","8,837 ","5,740 ","3,869 ","8,194 ","3,945 ",974 ,(705),"(4,227)","(5,824)","4,243 ","3,970 ","3,504 ","(6,971)","(4,453)","9,156 ","2,567 ","(2,001)","(6,660)","10,152 ","1,051 ","(8,594)","(12,065)","(6,961)","(7,549)","(10,319)","(5,727)","2,194 ",711 ,"(7,575)","(5,088)","1,089 ","(3,833)","3,437 ","6,137 ","5,849 ","1,327 ",212 ,"(3,280)","(1,270)","6,852 ","7,909 ","10,649 ","2,173 ","17,920 ","13,783 ",(65),"(4,131)","1,943 ",(5)
Inc Tax Ex Impact of Sp Items,,"3,907 ",(13),"2,178 ","3,151 ",918 ,334 ,453 ,(60),625 ,125 ,90 ,(85),444 ,18 ,(68),(79),(150),(69),(165),(143),805 ,(969),80 ,703 ,(279),(31),(404),89 ,(560),(690),(101),27 ,(826),(16),"(2,050)",(484),120 ,"(1,155)",(736),(517),(129),"(1,667)",(167),(532),293 ,(134),(123),(651),(277),"1,892 ","3,082 ","(1,272)","4,436 ","4,230 ","1,604 ","1,461 ","2,063 ","1,064 "
Normalized Income After Taxes,,"8,828 ","3,981 ","4,964 ","6,664 ","7,332 ","2,959 ","3,983 ","5,547 ","14,587 ","8,713 ","5,650 ","3,954 ","7,751 ","3,927 ","1,042 ",(627),"(4,077)","(5,754)","4,408 ","4,114 ","2,699 ","(6,002)","(4,533)","8,453 ","2,846 ","(1,970)","(6,256)","10,063 ","1,611 ","(7,903)","(11,964)","(6,987)","(6,723)","(10,302)","(3,678)","2,678 ",591 ,"(6,420)","(4,352)","1,605 ","(3,704)","5,103 ","6,305 ","6,381 ","1,033 ",345 ,"(3,157)",(619),"7,130 ","6,017 ","7,567 ","3,446 ","13,485 ","9,553 ","(1,669)","(5,592)",(119),"(1,068)"
Normalized Inc. Avail to Com.,,"8,828 ","3,981 ","4,964 ","6,664 ","7,332 ","2,959 ","3,983 ","5,547 ","14,587 ","8,713 ","5,650 ","3,954 ","7,751 ","3,927 ","1,042 ",(627),"(4,077)","(5,754)","4,408 ","4,114 ","2,699 ","(6,002)","(4,533)","8,453 ","2,846 ","(1,970)","(6,256)","10,063 ","1,611 ","(7,903)","(11,964)","(6,987)","(6,723)","(10,302)","(3,678)","2,678 ",591 ,"(6,334)","(4,311)","1,670 ","(3,667)","5,137 ","6,383 ","6,536 ","1,209 ",941 ,"(2,195)",598 ,"8,286 ","7,140 ","9,208 ","5,574 ","15,039 ","11,786 ","1,419 ","(1,181)","2,186 ",954 
Basic Normalized EPS,,0.03 ,0.01 ,0.01 ,0.01 ,0.02 ,0.01 ,0.01 ,0.01 ,0.03 ,0.02 ,0.01 ,0.01 ,0.02 ,0.01 ,0.00 ,0.00 ,(0.01),(0.01),0.01 ,0.01 ,0.01 ,(0.01),(0.01),0.01 ,0.00 ,0.00 ,(0.01),0.02 ,0.00 ,(0.01),(0.02),(0.01),(0.01),(0.02),(0.01),0.00 ,0.00 ,(0.01),(0.01),0.00 ,(0.01),0.01 ,0.01 ,0.01 ,0.00 ,0.00 ,0.00 ,0.00 ,0.01 ,0.01 ,0.01 ,0.01 ,0.02 ,0.02 ,0.00 ,0.00 ,0.00 ,0.00 
Diluted Normalized EPS,,0.03 ,0.01 ,0.01 ,0.01 ,0.02 ,0.01 ,0.01 ,0.01 ,0.03 ,0.02 ,0.01 ,0.00 ,0.01 ,0.01 ,0.00 ,0.00 ,(0.01),(0.01),0.01 ,0.01 ,0.01 ,(0.01),(0.01),0.01 ,0.00 ,0.00 ,(0.01),0.02 ,0.00 ,(0.01),(0.02),(0.01),(0.01),(0.02),(0.01),0.00 ,0.00 ,(0.01),(0.01),0.00 ,(0.01),0.01 ,0.01 ,0.01 ,0.00 ,0.00 ,0.00 ,0.00 ,0.01 ,0.01 ,0.01 ,0.01 ,0.02 ,0.02 ,0.00 ,0.00 ,0.00 ,0.00 
"Amort of Intangibles, Supplemental",,--,--,--,--,152 ,--,153 ,153 ,--,--,--,--,--,--,--,--,--,--,--,--,--,--,--,--,--,--,--,--,--,--,--,--,--,--,--,--,91 ,486 ,304 ,300 ,290 ,296 ,--,296 ,292 ,296 ,299 ,299 ,292 ,294 ,287 ,449 ,585 ,593 ,600 ,606 ,592 ,609 
"Depreciation, Supplemental",,"2,002 ","2,113 ","2,242 ","2,307 ","2,216 ",--,"2,925 ","2,485 ","2,503 ","2,668 ","2,713 ","2,738 ","2,657 ","2,810 ","2,971 ","3,188 ","3,282 ","3,126 ","3,118 ","3,087 ","2,918 ","2,923 ","2,943 ","3,303 ","2,976 ","2,910 ","2,854 ","2,828 ","2,643 ","2,616 ","2,561 ","2,495 ","2,295 ","2,466 ","2,665 ","4,431 ","4,059 ","3,418 ","3,850 ","4,059 ","4,507 ","4,544 ","4,945 ","4,677 ","4,575 ","4,417 ","4,775 ","6,040 ","6,193 ","6,438 ","6,658 ","6,341 ","7,482 ","9,066 ","9,201 ","10,028 ","9,108 ","9,312 "
"Depreciation of Right-of-Use Assets,Sup.",,--,--,--,--,--,--,--,--,--,--,--,--,--,--,--,--,--,--,--,--,--,--,--,--,--,--,--,--,--,--,--,--,--,--,--,--,--,--,--,--,424 ,--,--,464 ,503 ,504 ,505 ,505 ,503 ,610 ,642 ,917 ,913 ,966 ,221 ,"1,723 ",969 ,969 
"Interest Expense, Supplemental",,323 ,364 ,162 ,163 ,152 ,625 ,685 ,724 ,765 ,621 ,886 ,851 ,895 ,"1,200 ","2,101 ","1,463 ","1,205 ","1,308 ","1,629 ","1,824 ","1,621 ","1,429 ","1,471 ","1,095 ",902 ,"1,162 ","2,078 ","1,505 ",591 ,926 ,"1,006 ",819 ,711 ,"1,178 ","1,704 ","2,128 ","2,232 ","2,359 ","2,549 ","2,546 ","2,406 ","2,063 ","2,099 ","2,193 ","2,049 ","2,391 ","3,246 ","3,778 ","3,568 ","3,445 ","3,470 ","3,919 ","7,250 ","6,986 ","6,917 ","6,816 ","6,356 ","6,304 "
"Minority Interest, Supplemental",,--,--,--,--,--,--,--,--,--,--,--,--,--,--,--,--,--,--,--,--,--,--,--,--,--,--,--,--,--,--,--,--,--,--,--,--,0 ,86 ,41 ,65 ,37 ,33 ,79 ,155 ,175 ,595 ,962 ,"1,217 ","1,156 ","1,123 ","1,641 ","2,129 ","1,555 ","2,233 ","3,088 ","4,411 ","2,305 ","2,022 "
Normalized EBIT,,"13,058 ","4,333 ","7,305 ","9,978 ","8,403 ","3,919 ","5,121 ","6,210 ","15,977 ","9,458 ","6,626 ","4,721 ","9,089 ","5,144 ","3,075 ",758 ,"(3,023)","(4,516)","5,872 ","5,794 ","5,125 ","(5,542)","(2,982)","10,251 ","3,469 ",(839),"(4,581)","11,657 ","1,642 ","(7,668)","(11,059)","(6,142)","(6,837)","(9,141)","(4,024)","4,322 ","2,943 ","(5,216)","(2,539)","3,634 ","(1,427)","5,496 ","8,225 ","8,042 ","3,375 ","2,539 ",(215),"2,477 ","10,420 ","11,352 ","14,119 ","6,084 ","25,170 ","20,758 ","6,841 ","2,673 ","8,299 ","6,289 "
Normalized EBITDA,,"15,060 ","6,446 ","9,547 ","12,285 ","10,771 ",--,"8,198 ","8,848 ","18,480 ","12,126 ","9,339 ","7,459 ","11,746 ","7,954 ","6,046 ","3,946 ",259 ,"(1,390)","8,990 ","8,881 ","8,042 ","(2,619)",(39),"13,554 ","6,445 ","2,071 ","(1,727)","14,485 ","4,286 ","(5,052)","(8,498)","(3,647)","(4,542)","(6,675)","(1,358)","8,753 ","7,093 ","(1,311)","1,615 ","7,994 ","3,370 ","10,336 ","13,171 ","13,016 ","8,242 ","7,253 ","4,859 ","8,816 ","16,905 ","18,085 ","21,065 ","12,874 ","33,237 ","30,416 ","16,642 ","13,308 ","18,000 ","16,210 "
Tax & Pension Items (THB Thousands),,,,,,,,,,,,,,,,,,,,,,,,,,,,,,,,,,,,,,,,,,,,,,,,,,,,,,,,,,,
Current Tax - Total,,--,--,--,--,--,--,--,--,686 ,194 ,90 ,(46),491 ,62 ,32 ,6 ,0 ,0 ,0 ,143 ,756 ,(756),0 ,518 ,215 ,(195),(20),16 ,210 ,0 ,0 ,22 ,23 ,--,23 ,--,--,--,--,--,--,--,--,--,--,--,--,--,--,--,--,--,--,--,--,--,--,--
Current Tax - Total,,--,--,--,--,--,--,--,--,686 ,194 ,90 ,(46),491 ,62 ,32 ,6 ,0 ,0 ,0 ,143 ,756 ,(756),0 ,518 ,215 ,(195),(20),16 ,210 ,0 ,0 ,22 ,23 ,--,23 ,--,--,--,--,--,--,--,--,--,--,--,--,--,--,--,--,--,--,--,--,--,--,--
Deferred Tax - Total,,--,--,--,--,--,--,--,--,(61),(69),1 ,(39),(47),(44),(101),(85),(150),"(69,316)",(165),(286),49 ,(213),80 ,185 ,(495),164 ,(384),73 ,(771),(690),(101),5 ,(849),--,"(2,073)",--,--,--,--,--,--,--,--,--,--,--,--,--,--,--,--,--,--,--,--,--,--,--
Deferred Tax - Domestic,,--,--,--,--,--,--,--,--,--,--,--,--,--,(44),--,(85),--,--,--,--,--,--,--,185 ,(495),164 ,(384),--,(771),(690),(101),--,--,--,--,--,--,--,--,--,--,--,--,--,--,--,--,--,--,--,--,--,--,--,--,--,--,--
Deferred Tax - Total,,--,--,--,--,--,--,--,--,(61),(69),1 ,(39),(47),--,(101),--,(150),"(69,316)",(165),(286),49 ,--,80 ,--,--,--,--,73 ,--,--,--,5 ,(849),--,"(2,073)",--,--,--,--,--,--,--,--,--,--,--,--,--,--,--,--,--,--,--,--,--,--,--
Income Tax - Total,,--,--,--,--,--,--,--,--,"1,249 ",249 ,181 ,(85),444 ,36 ,(136),(79),(300),"(138,632)",(330),(143),805 ,(969),160 ,703 ,(279),(63),(808),89 ,"(1,120)","(1,381)",(201),27 ,"(1,652)",--,"(4,099)",(484),--,--,--,--,--,--,--,--,--,--,--,--,--,--,--,--,--,--,--,--,--,--
Other Tax,,--,--,--,--,--,--,--,--,625 ,125 ,90 ,--,--,18 ,(68),--,(150),"(69,316)",(165),--,--,--,80 ,--,--,(31),(404),--,(560),(690),(101),--,(826),--,"(2,050)",(484),--,--,--,--,--,--,--,--,--,--,--,--,--,--,--,--,--,--,--,--,--,--
Domestic Pension Plan Expense,,--,--,--,--,70 ,70 ,70 ,70 ,91 ,--,--,--,(129),118 ,118 ,118 ,134 ,134 ,134 ,134 ,--,--,--,--,--,--,--,--,--,--,--,--,--,--,--,--,--,--,--,--,--,--,--,--,--,--,--,--,--,--,--,--,--,--,--,--,--,--
Interest Cost - Domestic,,--,--,--,--,9 ,9 ,9 ,9 ,12 ,--,--,--,17 ,17 ,17 ,17 ,19 ,19 ,19 ,19 ,--,--,--,--,--,--,--,--,--,--,--,--,--,--,--,--,--,--,--,--,--,--,--,--,--,--,--,--,--,--,--,--,--,--,--,--,--,--
Service Cost - Domestic,,--,--,--,--,62 ,62 ,62 ,62 ,79 ,--,--,--,101 ,101 ,101 ,101 ,115 ,115 ,115 ,115 ,--,--,--,--,--,--,--,--,--,--,--,--,--,--,--,--,--,--,--,--,--,--,--,--,--,--,--,--,--,--,--,--,--,--,--,--,--,--
Actuarial Gains and Losses - Domestic,,--,--,--,--,--,--,--,--,--,--,--,--,(247),0 ,0 ,--,--,--,--,--,--,--,--,--,--,--,--,--,--,--,--,--,--,--,--,--,--,--,--,--,--,--,--,--,--,--,--,--,--,--,--,--,--,--,--,--,--,--
Total Pension Expense,,--,--,--,--,70 ,70 ,70 ,70 ,91 ,--,--,--,(129),118 ,118 ,118 ,134 ,134 ,134 ,134 ,--,--,--,--,--,--,--,--,--,--,--,--,--,--,--,--,--,--,--,--,--,--,--,--,--,--,--,--,--,--,--,--,--,--,--,--,--,--
Assumptions,,--,--,--,--,--,--,--,--,--,--,--,--,--,--,--,--,--,--,--,--,--,--,--,--,--,--,--,--,--,--,--,--,--,--,--,--,--,--,--,--,--,--,--,--,--,--,--,--,--,--,--,--,--,--,--,--,--,--
Discount Rate - Domestic,,--,--,--,--,3.45%,--,3.46%,3.46%,--,3.46%,--,--,4.20%,4.28%,--,--,--,--,--,--,--,--,--,--,--,--,--,--,--,--,--,--,--,--,--,--,--,--,--,--,--,--,--,--,--,--,--,--,--,--,--,--,--,--,--,--,--,--
Compensation Rate - Domestic,,--,--,--,--,5.00%,--,5.00%,5.00%,--,5.00%,--,--,6.00%,6.00%,--,--,--,--,--,--,--,--,--,--,--,--,--,--,--,--,--,--,--,--,--,--,--,--,--,--,--,--,--,--,--,--,--,--,--,--,--,--,--,--,--,--,--,--
Total Plan Interest Cost,,--,--,--,--,9 ,9 ,9 ,9 ,12 ,--,--,--,17 ,17 ,17 ,17 ,19 ,19 ,19 ,19 ,--,--,--,--,--,--,--,--,--,--,--,--,--,--,--,--,--,--,--,--,--,--,--,--,--,--,--,--,--,--,--,--,--,--,--,--,--,--
Total Plan Service Cost,,--,--,--,--,62 ,62 ,62 ,62 ,79 ,--,--,--,101 ,101 ,101 ,101 ,115 ,115 ,115 ,115 ,--,--,--,--,--,--,--,--,--,--,--,--,--,--,--,--,--,--,--,--,--,--,--,--,--,--,--,--,--,--,--,--,--,--,--,--,--,--
Dividends and Capital Changes,,,,,,,,,,,,,,,,,,,,,,,,,,,,,,,,,,,,,,,,,,,,,,,,,,,,,,,,,,,
Teera-Mongkol Industry Ord Shs,,,,,,,,,,,,,,,,,,,,,,,,,,,,,,,,,,,,,,,,,,,,,,,,,,,,,,,,,,,
Cash Dividend,,--,--,--,THB 0.04 F,--,--,--,--,--,--,--,THB 0.03 F,--,--,--,THB 0.01 F,--,--,--,THB 0.00 F,--,--,--,THB 0.02 F,--,--,--,THB 0.01 F,--,--,--,THB 0.00 F,--,--,--,THB 0.00 F,--,--,--,THB 0.00 F,--,--,--,THB 0.00 F,--,--,--,THB 0.00 F,--,--,--,THB 0.02 F,--,--,--,THB 0.03 F,--,--
,,,,,(31-Dec) Pd.End ,,,,,,,,(31-Dec) Pd.End ,,,,(31-Dec) Pd.End ,,,,(31-Dec) Pd.End ,,,,(31-Dec) Pd.End ,,,,(31-Dec) Pd.End ,,,,(31-Dec) Pd.End ,,,,(31-Dec) Pd.End ,,,,(31-Dec) Pd.End ,,,,(31-Dec) Pd.End ,,,,(31-Dec) Pd.End ,,,,(31-Dec) Pd.End ,,,,(31-Dec) Pd.End ,,
Stock Dividend,,--,--,--,--,--,--,--,20.00 F,--,--,--,--,--,--,--,--,--,--,--,16.67 F,--,--,--,--,--,--,--,--,--,--,--,--,--,--,--,--,--,--,--,--,--,--,--,--,--,--,--,--,--,--,--,--,--,--,--,--,--,--
,,,,,,,,,(31-Dec) Pd.End ,,,,,,,,,,,,(31-Dec) Pd.End ,,,,,,,,,,,,,,,,,,,,,,,,,,,,,,,,,,,,,,
Stock Dividend,,--,--,--,--,--,--,--,--,--,0 ,--,--,--,--,--,--,--,--,--,--,--,0 ,--,--,--,--,--,--,--,--,--,--,--,--,--,--,--,--,--,--,--,--,--,--,--,--,--,--,--,--,--,--,--,--,--,--,--,--
,,,,,,,,,,,(18-May) ,,,,,,,,,,,,(14-May) ,,,,,,,,,,,,,,,,,,,,,,,,,,,,,,,,,,,,
Scrip Issue,,--,--,--,--,--,--,--,--,--,--,--,--,--,--,--,--,--,--,--,--,--,--,--,--,--,--,--,--,--,--,--,--,--,--,--,--,--,--,--,--,--,--,--,--,--,--,--,--,--,--,--,--,--,0 ,--,--,--,--
,,,,,,,,,,,,,,,,,,,,,,,,,,,,,,,,,,,,,,,,,,,,,,,,,,,,,,,(19-Jun) ,,,,
Dividends & Capital Changes Before Jan-2010,,,,,,,,,,,,,,,,,,,,,,,,,,,,,,,,,,,,,,,,,,,,,,,,,,,,,,,,,,,
Teera-Mongkol Industry Ord Shs,,,,,,,,,,,,,,,,,,,,,,,,,,,,,,,,,,,,,,,,,,,,,,,,,,,,,,,,,,,
2009,Cash Dividend,THB 0.04 F,,,,,,,,,,,,,,,,,,,,,,,,,,,,,,,,,,,,,,,,,,,,,,,,,,,,,,,,,
,,(31-Dec) Pd.End ,,,,,,,,,,,,,,,,,,,,,,,,,,,,,,,,,,,,,,,,,,,,,,,,,,,,,,,,,
